{"DLSU":{"2PM":18.0909090909,"2PA":42.0909090909,"3PM":5.6363636364,"3PA":24.0909090909,"FTM":11.7272727273,"FTA":19.9090909091,"OFF":11.0909090909,"DEF":25.8181818182,"AST":12.8181818182,"TO":14.9090909091,"STL":9.8181818182,"BLK":2.8181818182,"PF":20.7272727273,"Fls on:":19.7272727273,"+\/-":-12.4545454545,"GW":11.0,"GP":11,"MINS":200.0,"FGM":23.7272727273,"FGA":66.1818181818,"FG%":35.8516483516,"2P%":42.9805615551,"3P%":23.3962264151,"FT%":58.904109589,"PTS":64.8181818182,"REB":36.9090909091,"STK":12.6363636364},"UP":{"2PM":15.2222222222,"2PA":39.6666666667,"3PM":6.5555555556,"3PA":24.1111111111,"FTM":14.2222222222,"FTA":22.5555555556,"OFF":13.2222222222,"DEF":25.4444444444,"AST":13.7777777778,"TO":16.6666666667,"STL":7.1111111111,"BLK":3.3333333333,"PF":22.4444444444,"Fls on:":21.4444444444,"+\/-":-10.6666666667,"GW":11.0,"GP":9,"MINS":200.0,"FGM":21.7777777778,"FGA":63.7777777778,"FG%":34.1463414634,"2P%":38.3753501401,"3P%":27.1889400922,"FT%":63.0541871921,"PTS":64.3333333333,"REB":38.6666666667,"STK":10.4444444444},"UE":{"2PM":15.8888888889,"2PA":37.3333333333,"3PM":6.8888888889,"3PA":24.5555555556,"FTM":12.3333333333,"FTA":21.5555555556,"OFF":13.1111111111,"DEF":29.3333333333,"AST":17.7777777778,"TO":15.4444444444,"STL":6.7777777778,"BLK":3.5555555556,"PF":21.8888888889,"Fls on:":21.1111111111,"+\/-":-0.5555555556,"GW":40.0,"GP":9,"MINS":200.0,"FGM":22.7777777778,"FGA":61.8888888889,"FG%":36.8043087971,"2P%":42.5595238095,"3P%":28.0542986425,"FT%":57.2164948454,"PTS":64.7777777778,"REB":42.4444444444,"STK":10.3333333333},"League":{"2PM":17.35,"2PA":40.525,"3PM":6.6625,"3PA":23.8,"FTM":12.725,"FTA":19.8375,"OFF":12.45,"DEF":29.4875,"AST":15.9,"TO":14.8625,"STL":6.9625,"BLK":3.1375,"PF":20.6875,"Fls on:":20.4,"+\/-":0.0,"GW":64.5,"GP":10,"MINS":200.0,"FGM":24.0125,"FGA":64.325,"FG%":37.3299650214,"2P%":42.8130783467,"3P%":27.993697479,"FT%":64.1461877757,"PTS":67.4125,"REB":41.9375,"STK":10.1},"UST":{"2PM":19.0909090909,"2PA":41.5454545455,"3PM":7.2727272727,"3PA":23.8181818182,"FTM":13.3636363636,"FTA":19.0,"OFF":11.4545454545,"DEF":30.5454545455,"AST":16.5454545455,"TO":14.4545454545,"STL":6.7272727273,"BLK":3.5454545455,"PF":19.5454545455,"Fls on:":20.2727272727,"+\/-":1.5454545455,"GW":78.0,"GP":11,"MINS":200.0,"FGM":26.3636363636,"FGA":65.3636363636,"FG%":40.3337969402,"2P%":45.9518599562,"3P%":30.534351145,"FT%":70.3349282297,"PTS":73.3636363636,"REB":42.0,"STK":10.2727272727},"FEU":{"2PM":17.9,"2PA":46.8,"3PM":7.2,"3PA":23.2,"FTM":9.7,"FTA":16.5,"OFF":13.3,"DEF":31.3,"AST":17.3,"TO":12.8,"STL":6.8,"BLK":3.4,"PF":19.3,"Fls on:":17.0,"+\/-":4.4,"GW":98.0,"GP":10,"MINS":200.0,"FGM":25.1,"FGA":70.0,"FG%":35.8571428571,"2P%":38.2478632479,"3P%":31.0344827586,"FT%":58.7878787879,"PTS":67.1,"REB":44.6,"STK":10.2},"NU":{"2PM":16.6,"2PA":39.3,"3PM":7.1,"3PA":23.8,"FTM":14.3,"FTA":21.0,"OFF":14.0,"DEF":30.2,"AST":16.0,"TO":14.7,"STL":6.6,"BLK":3.1,"PF":20.3,"Fls on:":22.6,"+\/-":5.4,"GW":103.0,"GP":10,"MINS":200.0,"FGM":23.7,"FGA":63.1,"FG%":37.559429477,"2P%":42.2391857506,"3P%":29.8319327731,"FT%":68.0952380952,"PTS":68.8,"REB":44.2,"STK":9.7},"ADMU":{"2PM":19.6,"2PA":38.5,"3PM":5.6,"3PA":21.6,"FTM":14.1,"FTA":20.7,"OFF":11.5,"DEF":34.1,"AST":16.6,"TO":15.8,"STL":3.6,"BLK":3.1,"PF":22.8,"Fls on:":21.5,"+\/-":5.8,"GW":84.0,"GP":10,"MINS":200.0,"FGM":25.2,"FGA":60.1,"FG%":41.9301164725,"2P%":50.9090909091,"3P%":25.9259259259,"FT%":68.115942029,"PTS":70.1,"REB":45.6,"STK":6.7},"AdU":{"2PM":15.8,"2PA":38.3,"3PM":7.1,"3PA":25.3,"FTM":12.2,"FTA":18.0,"OFF":12.3,"DEF":29.0,"AST":16.6,"TO":14.4,"STL":8.0,"BLK":2.3,"PF":18.9,"Fls on:":19.8,"+\/-":6.5,"GW":91.0,"GP":10,"MINS":200.0,"FGM":22.9,"FGA":63.6,"FG%":36.0062893082,"2P%":41.2532637076,"3P%":28.0632411067,"FT%":67.7777777778,"PTS":65.1,"REB":41.3,"STK":10.3}}