{"DLSU":{"MINS":202.2727272727,"FGM":27.3636363636,"FGA":66.4545454545,"2PM":18.8181818182,"2PA":41.6363636364,"3PM":8.5454545455,"3PA":24.8181818182,"FTM":14.0,"FTA":20.9090909091,"PTS":77.2727272727,"OFF":15.4545454545,"DEF":33.5454545455,"REB":49.0,"AST":21.5454545455,"TO":19.0909090909,"STL":7.0,"BLK":3.4545454545,"STK":10.4545454545,"PF":20.0,"Fls on:":20.2727272727,"+\/-":12.4545454545,"GW":128.0,"GP":11,"W":10,"L":1,"FG%":41.1764705882,"2P%":45.1965065502,"3P%":34.4322344322,"FT%":66.9565217391,"W%":0.9090909091},"UP":{"MINS":200.0,"FGM":27.8888888889,"FGA":63.6666666667,"2PM":21.6666666667,"2PA":42.6666666667,"3PM":6.2222222222,"3PA":21.0,"FTM":13.0,"FTA":20.3333333333,"PTS":75.0,"OFF":11.6666666667,"DEF":31.0,"REB":42.6666666667,"AST":18.5555555556,"TO":15.8888888889,"STL":7.3333333333,"BLK":4.2222222222,"STK":11.5555555556,"PF":22.0,"Fls on:":22.1111111111,"+\/-":10.6666666667,"GW":113.0,"GP":9,"W":8,"L":1,"FG%":43.8045375218,"2P%":50.78125,"3P%":29.6296296296,"FT%":63.9344262295,"W%":0.8888888889},"UE":{"MINS":200.0,"FGM":22.1111111111,"FGA":58.1111111111,"2PM":14.7777777778,"2PA":36.1111111111,"3PM":7.3333333333,"3PA":22.0,"FTM":13.7777777778,"FTA":21.8888888889,"PTS":65.3333333333,"OFF":9.5555555556,"DEF":27.0,"REB":36.5555555556,"AST":13.8888888889,"TO":14.2222222222,"STL":7.5555555556,"BLK":2.7777777778,"STK":10.3333333333,"PF":21.7777777778,"Fls on:":21.8888888889,"+\/-":0.5555555556,"GW":72.0,"GP":9,"W":6,"L":3,"FG%":38.0497131931,"2P%":40.9230769231,"3P%":33.3333333333,"FT%":62.9441624365,"W%":0.6666666667},"League":{"MINS":201.875,"FGM":24.0125,"FGA":64.325,"2PM":17.35,"2PA":40.525,"3PM":6.6625,"3PA":23.8,"FTM":12.725,"FTA":19.8375,"PTS":67.4125,"OFF":12.45,"DEF":29.4875,"REB":41.9375,"AST":15.9,"TO":14.8625,"STL":6.9625,"BLK":3.1375,"STK":10.1,"PF":20.6875,"Fls on:":20.4,"+\/-":0.0,"GW":64.5,"GP":10,"W":5,"L":5,"FG%":37.3299650214,"2P%":42.8130783467,"3P%":27.993697479,"FT%":64.1461877757,"W%":0.5},"UST":{"MINS":202.2727272727,"FGM":26.0909090909,"FGA":66.6363636364,"2PM":18.1818181818,"2PA":37.7272727273,"3PM":7.9090909091,"3PA":28.9090909091,"FTM":11.7272727273,"FTA":17.7272727273,"PTS":71.8181818182,"OFF":11.3636363636,"DEF":28.4545454545,"REB":39.8181818182,"AST":17.3636363636,"TO":14.1818181818,"STL":7.1818181818,"BLK":2.1818181818,"STK":9.3636363636,"PF":20.5454545455,"Fls on:":19.0909090909,"+\/-":-1.5454545455,"GW":63.0,"GP":11,"W":5,"L":6,"FG%":39.1541609823,"2P%":48.1927710843,"3P%":27.358490566,"FT%":66.1538461538,"W%":0.4545454545},"ADMU":{"MINS":202.5,"FGM":21.9,"FGA":65.1,"2PM":14.6,"2PA":36.7,"3PM":7.3,"3PA":28.4,"FTM":13.2,"FTA":23.3,"PTS":64.3,"OFF":11.8,"DEF":24.6,"REB":36.4,"AST":16.0,"TO":10.0,"STL":7.2,"BLK":2.0,"STK":9.2,"PF":21.6,"Fls on:":22.4,"+\/-":-5.8,"GW":36.0,"GP":10,"W":3,"L":7,"FG%":33.6405529954,"2P%":39.7820163488,"3P%":25.7042253521,"FT%":56.652360515,"W%":0.3},"AdU":{"MINS":202.5,"FGM":20.1,"FGA":59.9,"2PM":13.7,"2PA":37.8,"3PM":6.4,"3PA":22.1,"FTM":12.0,"FTA":18.7,"PTS":58.6,"OFF":12.3,"DEF":30.8,"REB":43.1,"AST":13.9,"TO":17.1,"STL":6.7,"BLK":4.6,"STK":11.3,"PF":20.0,"Fls on:":18.9,"+\/-":-6.5,"GW":43.0,"GP":10,"W":3,"L":7,"FG%":33.5559265442,"2P%":36.2433862434,"3P%":28.9592760181,"FT%":64.1711229947,"W%":0.3},"FEU":{"MINS":205.0,"FGM":23.2,"FGA":67.2,"2PM":19.0,"2PA":46.8,"3PM":4.2,"3PA":20.4,"FTM":12.1,"FTA":17.7,"PTS":62.7,"OFF":13.2,"DEF":32.6,"REB":45.8,"AST":11.8,"TO":14.5,"STL":6.4,"BLK":3.8,"STK":10.2,"PF":17.2,"Fls on:":19.1,"+\/-":-4.4,"GW":32.0,"GP":10,"W":3,"L":7,"FG%":34.5238095238,"2P%":40.5982905983,"3P%":20.5882352941,"FT%":68.3615819209,"W%":0.3},"NU":{"MINS":200.0,"FGM":23.1,"FGA":66.4,"2PM":18.0,"2PA":44.7,"3PM":5.1,"3PA":21.7,"FTM":12.1,"FTA":18.5,"PTS":63.4,"OFF":13.7,"DEF":27.5,"REB":41.2,"AST":13.5,"TO":13.6,"STL":6.4,"BLK":2.2,"STK":8.6,"PF":22.7,"Fls on:":19.9,"+\/-":-5.4,"GW":29.0,"GP":10,"W":2,"L":8,"FG%":34.7891566265,"2P%":40.2684563758,"3P%":23.5023041475,"FT%":65.4054054054,"W%":0.2}}