{"DLSU":{"OFF":74.2939179042,"DEF":62.3194864302,"NET":11.974431474,"PACE":78.0071196801,"AST":18.5272045028,"TO":16.4165103189,"EFG%":47.6060191518,"OREB%":37.4449339207,"DREB%":75.1527494908,"FTR":0.3146374829,"FFI":35.3550842681,"Py-W":10.1219443369,"Py-L":0.8780556631,"HHI":0.1172235294},"UP":{"OFF":74.1674011819,"DEF":63.6191485694,"NET":10.5482526125,"PACE":75.8419455227,"AST":17.332281634,"TO":14.8414148124,"EFG%":48.6910994764,"OREB%":31.4371257485,"DREB%":70.1005025126,"FTR":0.3193717277,"FFI":34.2647945596,"Py-W":8.047422843,"Py-L":0.952577157,"HHI":0.095102332},"UE":{"OFF":68.1026636992,"DEF":67.5235594161,"NET":0.5791042832,"PACE":71.9501959812,"AST":14.4897296796,"TO":14.8374831919,"EFG%":44.3594646272,"OREB%":24.5714285714,"DREB%":67.3130193906,"FTR":0.3766730402,"FFI":32.0175379654,"Py-W":4.7669593476,"Py-L":4.2330406524,"HHI":0.125},"League":{"OFF":68.0367635409,"DEF":68.0367635409,"NET":0.0,"PACE":74.236742362,"AST":15.3155582954,"TO":14.3161940356,"EFG%":42.508744656,"OREB%":29.6870342772,"DREB%":70.3129657228,"FTR":0.3083948698,"FFI":31.1458762738,"Py-W":5.0,"Py-L":5.0,"HHI":0.0102723069},"UST":{"OFF":71.0664698634,"DEF":72.5957483288,"NET":-1.5292784654,"PACE":75.7933192224,"AST":16.3835992452,"TO":13.381369017,"EFG%":45.0886766712,"OREB%":27.114967462,"DREB%":71.298405467,"FTR":0.2660300136,"FFI":30.7942566198,"Py-W":4.6914774405,"Py-L":6.3085225595,"HHI":0.1269283769},"FEU":{"OFF":62.5774565684,"DEF":66.9688570293,"NET":-4.3914004609,"PACE":75.1468701011,"AST":11.6499486612,"TO":14.3156148803,"EFG%":37.6488095238,"OREB%":29.6629213483,"DREB%":71.0239651416,"FTR":0.2633928571,"FFI":28.5219046564,"Py-W":2.8021158645,"Py-L":7.1978841355,"HHI":0.1532143393},"NU":{"OFF":65.6226954262,"DEF":71.2120101786,"NET":-5.5893147524,"PACE":72.4596874468,"AST":13.2821723731,"TO":13.3805588351,"EFG%":38.6295180723,"OREB%":31.2072892938,"DREB%":66.265060241,"FTR":0.2786144578,"FFI":29.2176216639,"Py-W":2.4287126311,"Py-L":7.5712873689,"HHI":0.1007871508},"ADMU":{"OFF":66.5995785056,"DEF":72.6070054937,"NET":-6.0074269881,"PACE":72.4103681766,"AST":15.7865656326,"TO":9.8666035204,"EFG%":39.247311828,"OREB%":25.7080610022,"DREB%":68.1440443213,"FTR":0.3579109063,"FFI":28.6758514062,"Py-W":2.3124197331,"Py-L":7.6875802669,"HHI":0.1110390883},"AdU":{"OFF":60.8014731786,"DEF":67.5456638895,"NET":-6.7441907109,"PACE":72.2844327652,"AST":14.0222742313,"TO":17.2504236946,"EFG%":38.898163606,"OREB%":29.7820823245,"DREB%":71.4617169374,"FTR":0.3121869783,"FFI":30.5110925054,"Py-W":1.8797977807,"Py-L":8.1202022193,"HHI":0.1115272164}}