{"ADMU":{"MINS":2025.0,"FGM":219.0,"FGA":651.0,"2PM":146.0,"2PA":367.0,"3PM":73.0,"3PA":284.0,"FTM":132.0,"FTA":233.0,"PTS":643.0,"OFF":118.0,"DEF":246.0,"REB":364.0,"AST":160.0,"TO":100.0,"STL":72.0,"BLK":20.0,"STK":92.0,"PF":216.0,"Fls on:":224.0,"+\/-":-58.0,"GW":36.0,"GP":10.0,"W":3.0,"L":7.0,"FG%":33.6405529954,"2P%":39.7820163488,"3P%":25.7042253521,"FT%":56.652360515},"AdU":{"MINS":2025.0,"FGM":201.0,"FGA":599.0,"2PM":137.0,"2PA":378.0,"3PM":64.0,"3PA":221.0,"FTM":120.0,"FTA":187.0,"PTS":586.0,"OFF":123.0,"DEF":308.0,"REB":431.0,"AST":139.0,"TO":171.0,"STL":67.0,"BLK":46.0,"STK":113.0,"PF":200.0,"Fls on:":189.0,"+\/-":-65.0,"GW":43.0,"GP":10.0,"W":3.0,"L":7.0,"FG%":33.5559265442,"2P%":36.2433862434,"3P%":28.9592760181,"FT%":64.1711229947},"DLSU":{"MINS":2225.0,"FGM":301.0,"FGA":731.0,"2PM":207.0,"2PA":458.0,"3PM":94.0,"3PA":273.0,"FTM":154.0,"FTA":230.0,"PTS":850.0,"OFF":170.0,"DEF":369.0,"REB":539.0,"AST":237.0,"TO":210.0,"STL":77.0,"BLK":38.0,"STK":115.0,"PF":220.0,"Fls on:":223.0,"+\/-":137.0,"GW":128.0,"GP":11.0,"W":10.0,"L":1.0,"FG%":41.1764705882,"2P%":45.1965065502,"3P%":34.4322344322,"FT%":66.9565217391},"FEU":{"MINS":2050.0,"FGM":232.0,"FGA":672.0,"2PM":190.0,"2PA":468.0,"3PM":42.0,"3PA":204.0,"FTM":121.0,"FTA":177.0,"PTS":627.0,"OFF":132.0,"DEF":326.0,"REB":458.0,"AST":118.0,"TO":145.0,"STL":64.0,"BLK":38.0,"STK":102.0,"PF":172.0,"Fls on:":191.0,"+\/-":-44.0,"GW":32.0,"GP":10.0,"W":3.0,"L":7.0,"FG%":34.5238095238,"2P%":40.5982905983,"3P%":20.5882352941,"FT%":68.3615819209},"NU":{"MINS":2000.0,"FGM":231.0,"FGA":664.0,"2PM":180.0,"2PA":447.0,"3PM":51.0,"3PA":217.0,"FTM":121.0,"FTA":185.0,"PTS":634.0,"OFF":137.0,"DEF":275.0,"REB":412.0,"AST":135.0,"TO":136.0,"STL":64.0,"BLK":22.0,"STK":86.0,"PF":227.0,"Fls on:":199.0,"+\/-":-54.0,"GW":29.0,"GP":10.0,"W":2.0,"L":8.0,"FG%":34.7891566265,"2P%":40.2684563758,"3P%":23.5023041475,"FT%":65.4054054054},"UE":{"MINS":1800.0,"FGM":199.0,"FGA":523.0,"2PM":133.0,"2PA":325.0,"3PM":66.0,"3PA":198.0,"FTM":124.0,"FTA":197.0,"PTS":588.0,"OFF":86.0,"DEF":243.0,"REB":329.0,"AST":125.0,"TO":128.0,"STL":68.0,"BLK":25.0,"STK":93.0,"PF":196.0,"Fls on:":197.0,"+\/-":5.0,"GW":72.0,"GP":9.0,"W":6.0,"L":3.0,"FG%":38.0497131931,"2P%":40.9230769231,"3P%":33.3333333333,"FT%":62.9441624365},"UP":{"MINS":1800.0,"FGM":251.0,"FGA":573.0,"2PM":195.0,"2PA":384.0,"3PM":56.0,"3PA":189.0,"FTM":117.0,"FTA":183.0,"PTS":675.0,"OFF":105.0,"DEF":279.0,"REB":384.0,"AST":167.0,"TO":143.0,"STL":66.0,"BLK":38.0,"STK":104.0,"PF":198.0,"Fls on:":199.0,"+\/-":96.0,"GW":113.0,"GP":9.0,"W":8.0,"L":1.0,"FG%":43.8045375218,"2P%":50.78125,"3P%":29.6296296296,"FT%":63.9344262295},"UST":{"MINS":2225.0,"FGM":287.0,"FGA":733.0,"2PM":200.0,"2PA":415.0,"3PM":87.0,"3PA":318.0,"FTM":129.0,"FTA":195.0,"PTS":790.0,"OFF":125.0,"DEF":313.0,"REB":438.0,"AST":191.0,"TO":156.0,"STL":79.0,"BLK":24.0,"STK":103.0,"PF":226.0,"Fls on:":210.0,"+\/-":-17.0,"GW":63.0,"GP":11.0,"W":5.0,"L":6.0,"FG%":39.1541609823,"2P%":48.1927710843,"3P%":27.358490566,"FT%":66.1538461538},"League":{"MINS":2018.75,"FGM":240.125,"FGA":643.25,"2PM":173.5,"2PA":405.25,"3PM":66.625,"3PA":238.0,"FTM":127.25,"FTA":198.375,"PTS":674.125,"OFF":124.5,"DEF":294.875,"REB":419.375,"AST":159.0,"TO":148.625,"STL":69.625,"BLK":31.375,"STK":101.0,"PF":206.875,"Fls on:":204.0,"+\/-":0.0,"GW":64.5,"GP":10.0,"W":5.0,"L":5.0,"FG%":37.3299650214,"2P%":42.8130783467,"3P%":27.993697479,"FT%":64.1461877757}}