{"D. Dungo":{"TEAM":"DLSU","MINS":13.2722222222,"FGM":2.3333333333,"FGA":4.3333333333,"FG%":53.8461538462,"2PM":0.6666666667,"2PA":1.0,"2P%":66.6666666667,"3PM":1.6666666667,"3PA":3.3333333333,"3P%":50.0,"FTM":1.3333333333,"FTA":1.3333333333,"FT%":100.0,"PTS":7.6666666667,"OFF":1.0,"DEF":1.6666666667,"REB":2.6666666667,"AST":1.3333333333,"TO":1.0,"STL":0.3333333333,"BLK":0.0,"STK":0.3333333333,"PF":1.3333333333,"Fls on:":1.6666666667,"+\/-":5.3333333333,"GP":3.0},"E. Gollena":{"TEAM":"DLSU","MINS":17.8277777778,"FGM":3.0,"FGA":6.0,"FG%":50.0,"2PM":2.0,"2PA":4.0,"2P%":50.0,"3PM":1.0,"3PA":2.0,"3P%":50.0,"FTM":0.6666666667,"FTA":1.3333333333,"FT%":50.0,"PTS":7.6666666667,"OFF":2.6666666667,"DEF":0.0,"REB":2.6666666667,"AST":0.6666666667,"TO":1.0,"STL":0.6666666667,"BLK":0.0,"STK":0.6666666667,"PF":1.6666666667,"Fls on:":1.6666666667,"+\/-":5.6666666667,"GP":3.0},"M. Phillips":{"TEAM":"DLSU","MINS":19.6,"FGM":3.3333333333,"FGA":9.6666666667,"FG%":34.4827586207,"2PM":3.3333333333,"2PA":8.3333333333,"2P%":40.0,"3PM":0.0,"3PA":1.3333333333,"3P%":0.0,"FTM":1.6666666667,"FTA":2.3333333333,"FT%":71.4285714286,"PTS":8.3333333333,"OFF":3.6666666667,"DEF":7.0,"REB":10.6666666667,"AST":2.6666666667,"TO":2.0,"STL":1.6666666667,"BLK":0.3333333333,"STK":2.0,"PF":1.6666666667,"Fls on:":2.3333333333,"+\/-":11.3333333333,"GP":3.0},"M. Rubico":{"TEAM":"DLSU","MINS":3.0916666667,"FGM":0.5,"FGA":0.5,"FG%":100.0,"2PM":0.0,"2PA":0.0,"2P%":0.0,"3PM":0.5,"3PA":0.5,"3P%":100.0,"FTM":0.0,"FTA":0.0,"FT%":0.0,"PTS":1.5,"OFF":0.0,"DEF":0.5,"REB":0.5,"AST":0.5,"TO":0.5,"STL":0.5,"BLK":0.0,"STK":0.5,"PF":0.5,"Fls on:":0.0,"+\/-":3.0,"GP":2.0},"V. David":{"TEAM":"DLSU","MINS":18.1166666667,"FGM":1.3333333333,"FGA":5.0,"FG%":26.6666666667,"2PM":0.6666666667,"2PA":2.3333333333,"2P%":28.5714285714,"3PM":0.6666666667,"3PA":2.6666666667,"3P%":25.0,"FTM":0.6666666667,"FTA":0.6666666667,"FT%":100.0,"PTS":4.0,"OFF":1.3333333333,"DEF":3.6666666667,"REB":5.0,"AST":4.3333333333,"TO":2.0,"STL":1.0,"BLK":0.0,"STK":1.0,"PF":1.6666666667,"Fls on:":0.6666666667,"+\/-":15.3333333333,"GP":3.0},"L. Ramiro":{"TEAM":"DLSU","MINS":17.3555555556,"FGM":1.3333333333,"FGA":4.6666666667,"FG%":28.5714285714,"2PM":0.6666666667,"2PA":2.0,"2P%":33.3333333333,"3PM":0.6666666667,"3PA":2.6666666667,"3P%":25.0,"FTM":0.3333333333,"FTA":0.6666666667,"FT%":50.0,"PTS":3.6666666667,"OFF":0.3333333333,"DEF":1.6666666667,"REB":2.0,"AST":1.0,"TO":1.3333333333,"STL":0.3333333333,"BLK":0.3333333333,"STK":0.6666666667,"PF":2.0,"Fls on:":2.0,"+\/-":-2.0,"GP":3.0},"K. Quiambao":{"TEAM":"DLSU","MINS":30.4,"FGM":6.6666666667,"FGA":16.3333333333,"FG%":40.8163265306,"2PM":4.0,"2PA":8.0,"2P%":50.0,"3PM":2.6666666667,"3PA":8.3333333333,"3P%":32.0,"FTM":2.6666666667,"FTA":3.0,"FT%":88.8888888889,"PTS":18.6666666667,"OFF":2.3333333333,"DEF":6.3333333333,"REB":8.6666666667,"AST":6.0,"TO":3.3333333333,"STL":1.3333333333,"BLK":0.3333333333,"STK":1.6666666667,"PF":0.6666666667,"Fls on:":3.6666666667,"+\/-":11.6666666667,"GP":3.0},"R. Gonzales":{"TEAM":"DLSU","MINS":13.2888888889,"FGM":2.3333333333,"FGA":2.6666666667,"FG%":87.5,"2PM":2.0,"2PA":2.3333333333,"2P%":85.7142857143,"3PM":0.3333333333,"3PA":0.3333333333,"3P%":100.0,"FTM":0.3333333333,"FTA":0.6666666667,"FT%":50.0,"PTS":5.3333333333,"OFF":1.3333333333,"DEF":2.0,"REB":3.3333333333,"AST":1.0,"TO":2.0,"STL":1.3333333333,"BLK":0.6666666667,"STK":2.0,"PF":2.0,"Fls on:":0.3333333333,"+\/-":1.6666666667,"GP":3.0},"V. Marasigan":{"TEAM":"DLSU","MINS":9.3666666667,"FGM":1.3333333333,"FGA":4.6666666667,"FG%":28.5714285714,"2PM":0.6666666667,"2PA":3.0,"2P%":22.2222222222,"3PM":0.6666666667,"3PA":1.6666666667,"3P%":40.0,"FTM":0.3333333333,"FTA":0.6666666667,"FT%":50.0,"PTS":3.6666666667,"OFF":1.0,"DEF":1.6666666667,"REB":2.6666666667,"AST":0.6666666667,"TO":1.3333333333,"STL":0.0,"BLK":0.0,"STK":0.0,"PF":2.6666666667,"Fls on:":1.0,"+\/-":4.6666666667,"GP":3.0},"H. Agunanne":{"TEAM":"DLSU","MINS":17.0388888889,"FGM":2.3333333333,"FGA":7.0,"FG%":33.3333333333,"2PM":2.3333333333,"2PA":6.0,"2P%":38.8888888889,"3PM":0.0,"3PA":1.0,"3P%":0.0,"FTM":0.3333333333,"FTA":0.6666666667,"FT%":50.0,"PTS":5.0,"OFF":2.6666666667,"DEF":6.3333333333,"REB":9.0,"AST":0.6666666667,"TO":2.3333333333,"STL":0.3333333333,"BLK":0.6666666667,"STK":1.0,"PF":1.0,"Fls on:":2.3333333333,"+\/-":5.3333333333,"GP":3.0},"A. Konov":{"TEAM":"DLSU","MINS":5.6555555556,"FGM":0.0,"FGA":1.0,"FG%":0.0,"2PM":0.0,"2PA":0.0,"2P%":0.0,"3PM":0.0,"3PA":1.0,"3P%":0.0,"FTM":0.0,"FTA":0.0,"FT%":0.0,"PTS":0.0,"OFF":0.6666666667,"DEF":0.3333333333,"REB":1.0,"AST":0.6666666667,"TO":0.3333333333,"STL":0.0,"BLK":0.0,"STK":0.0,"PF":0.6666666667,"Fls on:":0.0,"+\/-":-2.6666666667,"GP":3.0},"E. Abadam":{"TEAM":"DLSU","MINS":15.9722222222,"FGM":1.6666666667,"FGA":5.0,"FG%":33.3333333333,"2PM":1.0,"2PA":1.6666666667,"2P%":60.0,"3PM":0.6666666667,"3PA":3.3333333333,"3P%":20.0,"FTM":1.3333333333,"FTA":1.3333333333,"FT%":100.0,"PTS":5.3333333333,"OFF":0.6666666667,"DEF":1.3333333333,"REB":2.0,"AST":0.6666666667,"TO":1.0,"STL":0.3333333333,"BLK":0.0,"STK":0.3333333333,"PF":1.6666666667,"Fls on:":0.6666666667,"+\/-":6.0,"GP":3.0},"E. Alian":{"TEAM":"DLSU","MINS":4.7166666667,"FGM":0.0,"FGA":0.0,"FG%":0.0,"2PM":0.0,"2PA":0.0,"2P%":0.0,"3PM":0.0,"3PA":0.0,"3P%":0.0,"FTM":0.0,"FTA":0.0,"FT%":0.0,"PTS":0.0,"OFF":1.0,"DEF":0.0,"REB":1.0,"AST":2.0,"TO":2.0,"STL":0.0,"BLK":0.0,"STK":0.0,"PF":1.0,"Fls on:":0.0,"+\/-":6.0,"GP":1.0},"J. Macalalag":{"TEAM":"DLSU","MINS":18.3666666667,"FGM":3.3333333333,"FGA":6.6666666667,"FG%":50.0,"2PM":2.6666666667,"2PA":4.6666666667,"2P%":57.1428571429,"3PM":0.6666666667,"3PA":2.0,"3P%":33.3333333333,"FTM":0.3333333333,"FTA":1.3333333333,"FT%":25.0,"PTS":7.6666666667,"OFF":2.0,"DEF":1.6666666667,"REB":3.6666666667,"AST":0.3333333333,"TO":0.6666666667,"STL":0.6666666667,"BLK":0.3333333333,"STK":1.0,"PF":1.0,"Fls on:":1.3333333333,"+\/-":10.3333333333,"GP":3.0}}