{"D. Dungo":{"TEAM":"DLSU","MPG":12.4125,"PER":28.4577154456,"EFF":7.75,"GmSc":5.575,"TS%":79.3147208122,"EFG%":75.0,"PPWS":1.572327044,"FTR":0.2857142857,"REB%":7.1612397897,"OREB%":5.4312773686,"DREB%":8.8531810586,"AR":0.0453978205,"TOR":0.0259416117,"PPR":1.2778117024,"USG%":16.3746513602},"E. Gollena":{"TEAM":"DLSU","MPG":17.9375,"PER":19.349464328,"EFF":6.5,"GmSc":5.5,"TS%":58.3735909823,"EFG%":52.5,"PPWS":1.1496531219,"FTR":0.55,"REB%":6.1943476578,"OREB%":11.2751047254,"DREB%":1.2252555807,"AR":0.0089756169,"TOR":0.0179512337,"PPR":-3.5369115553,"USG%":16.5377996096},"M. Phillips":{"TEAM":"DLSU","MPG":21.8166666667,"PER":28.561662256,"EFF":16.25,"GmSc":10.05,"TS%":44.7207678883,"EFG%":42.6829268293,"PPWS":0.8869659275,"FTR":0.2682926829,"REB%":20.8810797046,"OREB%":14.4204770774,"DREB%":27.1996910652,"AR":0.0332085825,"TOR":0.036898425,"PPR":-4.3620333018,"USG%":26.3270014108},"M. Rubico":{"TEAM":"DLSU","MPG":3.0916666667,"PER":34.379090163,"EFF":2.5,"GmSc":1.65,"TS%":150.0,"EFG%":150.0,"PPWS":3.0,"FTR":0.0,"REB%":7.1877807727,"OREB%":0.0,"DREB%":14.2175883417,"AR":0.052075513,"TOR":0.052075513,"PPR":-5.1301901097,"USG%":13.3079668699},"V. David":{"TEAM":"DLSU","MPG":19.1291666667,"PER":15.1602222631,"EFF":9.0,"GmSc":4.45,"TS%":37.0762711864,"EFG%":33.3333333333,"PPWS":0.7387862797,"FTR":0.1111111111,"REB%":11.6169316779,"OREB%":4.6989836001,"DREB%":18.3828369409,"AR":0.0757482631,"TOR":0.0336658947,"PPR":4.9748652512,"USG%":14.4536520856},"L. Ramiro":{"TEAM":"DLSU","MPG":15.0208333333,"PER":1.9951834436,"EFF":1.5,"GmSc":0.15,"TS%":34.6347607053,"EFG%":33.3333333333,"PPWS":0.6896551724,"FTR":0.1333333333,"REB%":4.4382801664,"OREB%":1.4960494943,"DREB%":7.3158464282,"AR":0.0160776826,"TOR":0.0267961377,"PPR":-4.7516518103,"USG%":14.2981829678},"K. Quiambao":{"TEAM":"DLSU","MPG":30.6291666667,"PER":28.2130717314,"EFF":19.0,"GmSc":13.675,"TS%":49.0855298548,"EFG%":46.2121212121,"PPWS":0.973008997,"FTR":0.2878787879,"REB%":12.6966852582,"OREB%":6.6030915308,"DREB%":18.6563538488,"AR":0.0604489664,"TOR":0.036795023,"PPR":1.0356689053,"USG%":29.6732359149},"R. Gonzales":{"TEAM":"DLSU","MPG":13.0125,"PER":21.5528749586,"EFF":7.25,"GmSc":4.375,"TS%":75.1582278481,"EFG%":75.0,"PPWS":1.4785992218,"FTR":0.6,"REB%":10.246557797,"OREB%":8.6347397166,"DREB%":11.8229513042,"AR":0.0185590925,"TOR":0.0433045492,"PPR":-9.1416932309,"USG%":15.5247681907},"V. Marasigan":{"TEAM":"DLSU","MPG":10.7,"PER":11.8947285824,"EFF":3.75,"GmSc":1.65,"TS%":45.2586206897,"EFG%":42.8571428571,"PPWS":0.8983957219,"FTR":0.2380952381,"REB%":11.4226375909,"OREB%":8.4007140607,"DREB%":14.3781452193,"AR":0.0150467409,"TOR":0.0300934818,"PPR":-5.9292851423,"USG%":26.1474601395},"H. Agunanne":{"TEAM":"DLSU","MPG":17.1,"PER":14.6421894876,"EFF":8.75,"GmSc":3.925,"TS%":40.1536312849,"EFG%":38.4615384615,"PPWS":0.7972270364,"FTR":0.2307692308,"REB%":22.0922677063,"OREB%":15.7697614824,"DREB%":28.2758177495,"AR":0.0141228182,"TOR":0.0470760607,"PPR":-11.1304124601,"USG%":23.2426365235},"A. Konov":{"TEAM":"DLSU","MPG":5.6555555556,"PER":-1.6836532572,"EFF":0.3333333333,"GmSc":-0.2666666667,"TS%":0.0,"EFG%":0.0,"PPWS":0.0,"FTR":0.0,"REB%":7.8585461689,"OREB%":10.5957925873,"DREB%":5.1814590125,"AR":0.0379568081,"TOR":0.018978404,"PPR":1.8696468867,"USG%":9.6999129837},"E. Abadam":{"TEAM":"DLSU","MPG":15.7125,"PER":8.4705837598,"EFF":3.0,"GmSc":1.9,"TS%":41.5896487985,"EFG%":36.8421052632,"PPWS":0.823798627,"FTR":0.3157894737,"REB%":4.950057456,"OREB%":2.8603863309,"DREB%":6.9938017432,"AR":0.0204932541,"TOR":0.0204932541,"PPR":-2.0188814963,"USG%":16.7848364322},"E. Alian":{"TEAM":"DLSU","MPG":4.7166666667,"PER":-0.924696348,"EFF":1.0,"GmSc":-0.3,"TS%":null,"EFG%":null,"PPWS":null,"FTR":null,"REB%":9.4228504122,"OREB%":19.0574502718,"DREB%":0.0,"AR":0.1365372107,"TOR":0.1365372107,"PPR":-13.4508871425,"USG%":17.4461332462},"J. Macalalag":{"TEAM":"DLSU","MPG":19.4625,"PER":18.5402577041,"EFF":7.75,"GmSc":5.75,"TS%":53.4351145038,"EFG%":54.1666666667,"PPWS":1.0616113744,"FTR":0.2083333333,"REB%":7.9925783201,"OREB%":8.0823825709,"DREB%":7.9047477891,"AR":0.0124084877,"TOR":0.0124084877,"PPR":-1.2224152413,"USG%":15.4322272205}}