{"K. Quiambao":{"TEAM":"DLSU","MINS":30.5333333333,"FGM":6.0917030568,"FGA":15.327510917,"FG%":39.7435897436,"2PM":4.1266375546,"2PA":8.056768559,"2P%":51.2195121951,"3PM":1.9650655022,"3PA":7.2707423581,"3P%":27.027027027,"FTM":2.5545851528,"FTA":3.9301310044,"FT%":65.0,"PTS":16.7030567686,"OFF":2.5545851528,"DEF":6.4847161572,"REB":9.03930131,"AST":6.0917030568,"TO":3.5371179039,"STL":1.5720524017,"BLK":0.1965065502,"STK":1.768558952,"PF":1.1790393013,"Fls on:":4.7161572052,"+\/-":10.807860262,"GP":5.0},"R. Gonzales":{"TEAM":"DLSU","MINS":12.74,"FGM":5.180533752,"FGA":7.535321821,"FG%":68.75,"2PM":4.7095761382,"2PA":7.0643642072,"2P%":66.6666666667,"3PM":0.4709576138,"3PA":0.4709576138,"3P%":100.0,"FTM":1.8838304553,"FTA":2.8257456829,"FT%":66.6666666667,"PTS":12.715855573,"OFF":2.3547880691,"DEF":4.7095761382,"REB":7.0643642072,"AST":2.3547880691,"TO":3.7676609105,"STL":2.8257456829,"BLK":0.9419152276,"STK":3.7676609105,"PF":4.7095761382,"Fls on:":1.8838304553,"+\/-":-0.4709576138,"GP":5.0},"J. Macalalag":{"TEAM":"DLSU","MINS":20.29,"FGM":3.8442582553,"FGA":8.575653031,"FG%":44.8275862069,"2PM":3.2528339083,"2PA":5.9142434697,"2P%":55.0,"3PM":0.591424347,"3PA":2.6614095614,"3P%":22.2222222222,"FTM":0.8871365205,"FTA":2.0699852144,"FT%":42.8571428571,"PTS":9.167077378,"OFF":2.0699852144,"DEF":2.3656973879,"REB":4.4356826023,"AST":1.7742730409,"TO":1.1828486939,"STL":0.8871365205,"BLK":0.2957121735,"STK":1.1828486939,"PF":1.1828486939,"Fls on:":2.3656973879,"+\/-":12.1241991129,"GP":5.0},"A. Konov":{"TEAM":"DLSU","MINS":5.6555555556,"FGM":0.0,"FGA":5.304518664,"FG%":0.0,"2PM":0.0,"2PA":0.0,"2P%":0.0,"3PM":0.0,"3PA":5.304518664,"3P%":0.0,"FTM":0.0,"FTA":0.0,"FT%":0.0,"PTS":0.0,"OFF":3.536345776,"DEF":1.768172888,"REB":5.304518664,"AST":3.536345776,"TO":1.768172888,"STL":0.0,"BLK":0.0,"STK":0.0,"PF":3.536345776,"Fls on:":0.0,"+\/-":-14.1453831041,"GP":3.0},"H. Agunanne":{"TEAM":"DLSU","MINS":17.0333333333,"FGM":4.9315068493,"FGA":11.9765166341,"FG%":41.1764705882,"2PM":4.9315068493,"2PA":10.9197651663,"2P%":45.1612903226,"3PM":0.0,"3PA":1.0567514677,"3P%":0.0,"FTM":1.4090019569,"FTA":3.5225048924,"FT%":40.0,"PTS":11.2720156556,"OFF":5.6360078278,"DEF":8.4540117417,"REB":14.0900195695,"AST":1.0567514677,"TO":4.5792563601,"STL":1.0567514677,"BLK":1.0567514677,"STK":2.1135029354,"PF":2.8180039139,"Fls on:":4.2270058708,"+\/-":3.1702544031,"GP":5.0},"M. Rubico":{"TEAM":"DLSU","MINS":3.2722222222,"FGM":3.0560271647,"FGA":6.1120543294,"FG%":50.0,"2PM":0.0,"2PA":3.0560271647,"2P%":0.0,"3PM":3.0560271647,"3PA":3.0560271647,"3P%":100.0,"FTM":0.0,"FTA":0.0,"FT%":0.0,"PTS":9.1680814941,"OFF":0.0,"DEF":3.0560271647,"REB":3.0560271647,"AST":3.0560271647,"TO":9.1680814941,"STL":3.0560271647,"BLK":0.0,"STK":3.0560271647,"PF":6.1120543294,"Fls on:":0.0,"+\/-":15.2801358235,"GP":3.0},"E. Alian":{"TEAM":"DLSU","MINS":4.7166666667,"FGM":0.0,"FGA":0.0,"FG%":0.0,"2PM":0.0,"2PA":0.0,"2P%":0.0,"3PM":0.0,"3PA":0.0,"3P%":0.0,"FTM":0.0,"FTA":0.0,"FT%":0.0,"PTS":0.0,"OFF":6.3604240282,"DEF":0.0,"REB":6.3604240282,"AST":12.7208480564,"TO":12.7208480564,"STL":0.0,"BLK":0.0,"STK":0.0,"PF":6.3604240282,"Fls on:":0.0,"+\/-":38.1625441693,"GP":1.0},"V. David":{"TEAM":"DLSU","MINS":19.5366666667,"FGM":1.8426889609,"FGA":7.3707558437,"FG%":25.0,"2PM":0.9213444805,"2PA":3.6853779219,"2P%":25.0,"3PM":0.9213444805,"3PA":3.6853779219,"3P%":25.0,"FTM":0.6142296536,"FTA":0.6142296536,"FT%":100.0,"PTS":5.220952056,"OFF":1.2284593073,"DEF":7.6778706705,"REB":8.9063299778,"AST":6.7565261901,"TO":2.7640334414,"STL":1.5355741341,"BLK":0.0,"STK":1.5355741341,"PF":2.7640334414,"Fls on:":1.2284593073,"+\/-":15.0486265142,"GP":5.0},"C. Austria":{"TEAM":"DLSU","MINS":11.0333333333,"FGM":0.0,"FGA":8.1570996979,"FG%":0.0,"2PM":0.0,"2PA":5.4380664653,"2P%":0.0,"3PM":0.0,"3PA":2.7190332326,"3P%":0.0,"FTM":0.0,"FTA":0.0,"FT%":0.0,"PTS":0.0,"OFF":2.7190332326,"DEF":5.4380664653,"REB":8.1570996979,"AST":2.7190332326,"TO":5.4380664653,"STL":0.0,"BLK":0.0,"STK":0.0,"PF":0.0,"Fls on:":2.7190332326,"+\/-":-13.5951661632,"GP":1.0},"M. Phillips":{"TEAM":"DLSU","MINS":21.92,"FGM":6.0218978102,"FGA":13.6861313869,"FG%":44.0,"2PM":5.7481751825,"2PA":11.7700729927,"2P%":48.8372093023,"3PM":0.2737226277,"3PA":1.9160583942,"3P%":14.2857142857,"FTM":2.4635036496,"FTA":4.1058394161,"FT%":60.0,"PTS":14.7810218978,"OFF":4.9270072993,"DEF":10.1277372263,"REB":15.0547445255,"AST":3.0109489051,"TO":3.5583941606,"STL":2.7372262774,"BLK":1.3686131387,"STK":4.1058394161,"PF":3.0109489051,"Fls on:":4.3795620438,"+\/-":8.7591240876,"GP":5.0},"D. Dungo":{"TEAM":"DLSU","MINS":10.89,"FGM":4.4077134986,"FGA":8.2644628099,"FG%":53.3333333333,"2PM":1.652892562,"2PA":2.2038567493,"2P%":75.0,"3PM":2.7548209366,"3PA":6.0606060606,"3P%":45.4545454545,"FTM":2.2038567493,"FTA":2.2038567493,"FT%":100.0,"PTS":13.7741046832,"OFF":1.652892562,"DEF":2.7548209366,"REB":4.4077134986,"AST":4.4077134986,"TO":2.2038567493,"STL":0.5509641873,"BLK":0.0,"STK":0.5509641873,"PF":3.305785124,"Fls on:":3.305785124,"+\/-":5.5096418733,"GP":5.0},"V. Marasigan":{"TEAM":"DLSU","MINS":9.4166666667,"FGM":5.7345132743,"FGA":14.0176991151,"FG%":40.9090909091,"2PM":4.4601769912,"2PA":10.1946902655,"2P%":43.75,"3PM":1.2743362832,"3PA":3.8230088496,"3P%":33.3333333333,"FTM":1.9115044248,"FTA":3.185840708,"FT%":60.0,"PTS":14.6548672566,"OFF":2.5486725664,"DEF":4.4601769912,"REB":7.0088495575,"AST":1.2743362832,"TO":2.5486725664,"STL":0.0,"BLK":0.0,"STK":0.0,"PF":7.0088495575,"Fls on:":3.185840708,"+\/-":7.6460176991,"GP":5.0},"E. Gollena":{"TEAM":"DLSU","MINS":17.5066666667,"FGM":3.4272658035,"FGA":7.5399847677,"FG%":45.4545454545,"2PM":2.0563594821,"2PA":4.7981721249,"2P%":42.8571428571,"3PM":1.3709063214,"3PA":2.7418126428,"3P%":50.0,"FTM":3.7699923839,"FTA":5.1408987053,"FT%":73.3333333333,"PTS":11.9954303123,"OFF":3.4272658035,"DEF":0.3427265804,"REB":3.7699923839,"AST":0.6854531607,"TO":1.7136329018,"STL":1.3709063214,"BLK":0.3427265804,"STK":1.7136329018,"PF":2.3990860625,"Fls on:":4.1127189642,"+\/-":6.5118050267,"GP":5.0},"E. Abadam":{"TEAM":"DLSU","MINS":18.2,"FGM":3.2967032967,"FGA":8.9010989011,"FG%":37.037037037,"2PM":2.3076923077,"2PA":4.9450549451,"2P%":46.6666666667,"3PM":0.989010989,"3PA":3.956043956,"3P%":25.0,"FTM":1.3186813187,"FTA":1.978021978,"FT%":66.6666666667,"PTS":8.9010989011,"OFF":0.6593406593,"DEF":1.6483516484,"REB":2.3076923077,"AST":1.6483516484,"TO":1.3186813187,"STL":0.989010989,"BLK":0.3296703297,"STK":1.3186813187,"PF":2.3076923077,"Fls on:":1.6483516484,"+\/-":11.2087912088,"GP":5.0},"L. Ramiro":{"TEAM":"DLSU","MINS":13.33,"FGM":2.2505626407,"FGA":8.1020255064,"FG%":27.7777777778,"2PM":0.9002250563,"2PA":3.1507876969,"2P%":28.5714285714,"3PM":1.3503375844,"3PA":4.9512378094,"3P%":27.2727272727,"FTM":0.4501125281,"FTA":0.9002250563,"FT%":50.0,"PTS":6.3015753938,"OFF":0.4501125281,"DEF":2.2505626407,"REB":2.7006751688,"AST":1.8004501125,"TO":2.2505626407,"STL":0.4501125281,"BLK":0.9002250563,"STK":1.3503375844,"PF":3.6009002251,"Fls on:":2.7006751688,"+\/-":-8.1020255064,"GP":5.0}}