{"League":{"TEAM":"League","MPG":19.427340991,"PER":15.954696611,"EFF":7.4347255518,"GmSc":4.500938082,"TS%":45.0456529902,"EFG%":41.4597361177,"PPWS":0.8923366238,"FTR":0.312345732,"REB%":10.5073739621,"OREB%":6.1449265602,"DREB%":14.8698213639,"AR":0.0289703446,"TOR":0.0251889044,"PPR":-1.7364179147,"USG%":20.7189911956}}