{"Q. Millora-Brown":{"TEAM":"UP","MINS":73.6,"FGM":10.0,"FGA":20.0,"FG%":50.0,"2PM":9.0,"2PA":19.0,"2P%":47.3684210526,"3PM":1.0,"3PA":1.0,"3P%":100.0,"FTM":10.0,"FTA":14.0,"FT%":71.4285714286,"PTS":31.0,"OFF":9.0,"DEF":28.0,"REB":37.0,"AST":3.0,"TO":4.0,"STL":0.0,"BLK":5.0,"STK":5.0,"PF":10.0,"Fls on:":17.0,"+\/-":52.0,"GP":4.0},"J. Bayla":{"TEAM":"UP","MINS":76.7000000001,"FGM":7.0,"FGA":16.0,"FG%":43.75,"2PM":3.0,"2PA":8.0,"2P%":37.5,"3PM":4.0,"3PA":8.0,"3P%":50.0,"FTM":6.0,"FTA":12.0,"FT%":50.0,"PTS":24.0,"OFF":3.0,"DEF":11.0,"REB":14.0,"AST":4.0,"TO":4.0,"STL":1.0,"BLK":1.0,"STK":2.0,"PF":7.0,"Fls on:":8.0,"+\/-":56.0,"GP":4.0},"S. Alter":{"TEAM":"UP","MINS":26.4333333334,"FGM":4.0,"FGA":9.0,"FG%":44.4444444444,"2PM":4.0,"2PA":7.0,"2P%":57.1428571429,"3PM":0.0,"3PA":2.0,"3P%":0.0,"FTM":0.0,"FTA":2.0,"FT%":0.0,"PTS":8.0,"OFF":5.0,"DEF":7.0,"REB":12.0,"AST":0.0,"TO":2.0,"STL":1.0,"BLK":0.0,"STK":1.0,"PF":5.0,"Fls on:":2.0,"+\/-":2.0,"GP":4.0},"C. Briones":{"TEAM":"UP","MINS":37.3666666667,"FGM":3.0,"FGA":9.0,"FG%":33.3333333333,"2PM":2.0,"2PA":4.0,"2P%":50.0,"3PM":1.0,"3PA":5.0,"3P%":20.0,"FTM":0.0,"FTA":0.0,"FT%":0.0,"PTS":7.0,"OFF":1.0,"DEF":5.0,"REB":6.0,"AST":4.0,"TO":2.0,"STL":1.0,"BLK":0.0,"STK":1.0,"PF":3.0,"Fls on:":0.0,"+\/-":-18.0,"GP":4.0},"D. Ududo":{"TEAM":"UP","MINS":41.0833333333,"FGM":9.0,"FGA":23.0,"FG%":39.1304347826,"2PM":9.0,"2PA":23.0,"2P%":39.1304347826,"3PM":0.0,"3PA":0.0,"3P%":0.0,"FTM":4.0,"FTA":8.0,"FT%":50.0,"PTS":22.0,"OFF":9.0,"DEF":6.0,"REB":15.0,"AST":1.0,"TO":2.0,"STL":1.0,"BLK":1.0,"STK":2.0,"PF":11.0,"Fls on:":8.0,"+\/-":4.0,"GP":4.0},"J. Cagulangan":{"TEAM":"UP","MINS":96.4666666667,"FGM":22.0,"FGA":45.0,"FG%":48.8888888889,"2PM":15.0,"2PA":30.0,"2P%":50.0,"3PM":7.0,"3PA":15.0,"3P%":46.6666666667,"FTM":7.0,"FTA":9.0,"FT%":77.7777777778,"PTS":58.0,"OFF":6.0,"DEF":14.0,"REB":20.0,"AST":23.0,"TO":8.0,"STL":3.0,"BLK":0.0,"STK":3.0,"PF":6.0,"Fls on:":16.0,"+\/-":57.0,"GP":4.0},"M. Belmonte":{"TEAM":"UP","MINS":56.8666666666,"FGM":12.0,"FGA":23.0,"FG%":52.1739130435,"2PM":10.0,"2PA":18.0,"2P%":55.5555555556,"3PM":2.0,"3PA":5.0,"3P%":40.0,"FTM":1.0,"FTA":1.0,"FT%":100.0,"PTS":27.0,"OFF":2.0,"DEF":9.0,"REB":11.0,"AST":6.0,"TO":5.0,"STL":1.0,"BLK":1.0,"STK":2.0,"PF":6.0,"Fls on:":4.0,"+\/-":29.0,"GP":4.0},"F. Lopez":{"TEAM":"UP","MINS":69.1833333333,"FGM":14.0,"FGA":24.0,"FG%":58.3333333333,"2PM":13.0,"2PA":19.0,"2P%":68.4210526316,"3PM":1.0,"3PA":5.0,"3P%":20.0,"FTM":13.0,"FTA":21.0,"FT%":61.9047619048,"PTS":42.0,"OFF":1.0,"DEF":18.0,"REB":19.0,"AST":6.0,"TO":7.0,"STL":1.0,"BLK":5.0,"STK":6.0,"PF":7.0,"Fls on:":18.0,"+\/-":20.0,"GP":4.0},"G. Abadiano":{"TEAM":"UP","MINS":69.7666666667,"FGM":8.0,"FGA":27.0,"FG%":29.6296296296,"2PM":5.0,"2PA":16.0,"2P%":31.25,"3PM":3.0,"3PA":11.0,"3P%":27.2727272727,"FTM":2.0,"FTA":2.0,"FT%":100.0,"PTS":21.0,"OFF":3.0,"DEF":7.0,"REB":10.0,"AST":11.0,"TO":1.0,"STL":4.0,"BLK":0.0,"STK":4.0,"PF":2.0,"Fls on:":2.0,"+\/-":59.0,"GP":4.0},"S. Torculas":{"TEAM":"UP","MINS":14.7,"FGM":3.0,"FGA":7.0,"FG%":42.8571428571,"2PM":3.0,"2PA":7.0,"2P%":42.8571428571,"3PM":0.0,"3PA":0.0,"3P%":0.0,"FTM":0.0,"FTA":0.0,"FT%":0.0,"PTS":6.0,"OFF":3.0,"DEF":3.0,"REB":6.0,"AST":1.0,"TO":3.0,"STL":1.0,"BLK":0.0,"STK":1.0,"PF":2.0,"Fls on:":1.0,"+\/-":4.0,"GP":2.0},"T. Fortea":{"TEAM":"UP","MINS":50.9333333333,"FGM":6.0,"FGA":15.0,"FG%":40.0,"2PM":2.0,"2PA":4.0,"2P%":50.0,"3PM":4.0,"3PA":11.0,"3P%":36.3636363636,"FTM":2.0,"FTA":5.0,"FT%":40.0,"PTS":18.0,"OFF":1.0,"DEF":5.0,"REB":6.0,"AST":9.0,"TO":4.0,"STL":3.0,"BLK":0.0,"STK":3.0,"PF":8.0,"Fls on:":3.0,"+\/-":17.0,"GP":4.0},"G. Stevens":{"TEAM":"UP","MINS":34.7,"FGM":1.0,"FGA":4.0,"FG%":25.0,"2PM":1.0,"2PA":4.0,"2P%":25.0,"3PM":0.0,"3PA":0.0,"3P%":0.0,"FTM":0.0,"FTA":4.0,"FT%":0.0,"PTS":2.0,"OFF":5.0,"DEF":6.0,"REB":11.0,"AST":2.0,"TO":2.0,"STL":0.0,"BLK":1.0,"STK":1.0,"PF":10.0,"Fls on:":4.0,"+\/-":15.0,"GP":4.0},"H. Alarcon":{"TEAM":"UP","MINS":61.5333333333,"FGM":9.0,"FGA":20.0,"FG%":45.0,"2PM":8.0,"2PA":16.0,"2P%":50.0,"3PM":1.0,"3PA":4.0,"3P%":25.0,"FTM":5.0,"FTA":5.0,"FT%":100.0,"PTS":24.0,"OFF":0.0,"DEF":10.0,"REB":10.0,"AST":8.0,"TO":5.0,"STL":2.0,"BLK":1.0,"STK":3.0,"PF":7.0,"Fls on:":5.0,"+\/-":31.0,"GP":4.0},"J. Felicilda":{"TEAM":"UP","MINS":31.8833333333,"FGM":6.0,"FGA":11.0,"FG%":54.5454545455,"2PM":3.0,"2PA":6.0,"2P%":50.0,"3PM":3.0,"3PA":5.0,"3P%":60.0,"FTM":0.0,"FTA":0.0,"FT%":0.0,"PTS":15.0,"OFF":0.0,"DEF":1.0,"REB":1.0,"AST":4.0,"TO":3.0,"STL":1.0,"BLK":0.0,"STK":1.0,"PF":7.0,"Fls on:":0.0,"+\/-":9.0,"GP":3.0},"R. Torres":{"TEAM":"UP","MINS":43.1833333333,"FGM":4.0,"FGA":11.0,"FG%":36.3636363636,"2PM":4.0,"2PA":8.0,"2P%":50.0,"3PM":0.0,"3PA":3.0,"3P%":0.0,"FTM":1.0,"FTA":2.0,"FT%":50.0,"PTS":9.0,"OFF":2.0,"DEF":4.0,"REB":6.0,"AST":4.0,"TO":4.0,"STL":2.0,"BLK":0.0,"STK":2.0,"PF":7.0,"Fls on:":1.0,"+\/-":6.0,"GP":4.0},"D. Walker":{"TEAM":"UP","MINS":15.2333333333,"FGM":1.0,"FGA":3.0,"FG%":33.3333333333,"2PM":1.0,"2PA":3.0,"2P%":33.3333333333,"3PM":0.0,"3PA":0.0,"3P%":0.0,"FTM":0.0,"FTA":0.0,"FT%":0.0,"PTS":2.0,"OFF":0.0,"DEF":1.0,"REB":1.0,"AST":4.0,"TO":0.0,"STL":2.0,"BLK":0.0,"STK":2.0,"PF":0.0,"Fls on:":0.0,"+\/-":-23.0,"GP":3.0}}