{"J. Bahay":{"TEAM":"ADMU","MINS":23.5983333333,"FGM":3.5,"FGA":12.3,"FG%":28.4552845528,"2PM":2.0,"2PA":5.0,"2P%":40.0,"3PM":1.5,"3PA":7.3,"3P%":20.5479452055,"FTM":2.4,"FTA":3.6,"FT%":66.6666666667,"PTS":10.9,"OFF":0.8,"DEF":2.3,"REB":3.1,"AST":4.4,"TO":1.3,"STL":0.7,"BLK":0.0,"STK":0.7,"PF":2.1,"Fls on:":3.1,"+\/-":-3.2,"GW":3.0,"GP":10.0},"S. Tuano":{"TEAM":"ADMU","MINS":20.4683333333,"FGM":4.1,"FGA":8.5,"FG%":48.2352941176,"2PM":3.8,"2PA":6.9,"2P%":55.0724637681,"3PM":0.3,"3PA":1.6,"3P%":18.75,"FTM":1.9,"FTA":4.2,"FT%":45.2380952381,"PTS":10.4,"OFF":1.3,"DEF":1.3,"REB":2.6,"AST":0.7,"TO":2.0,"STL":0.8,"BLK":0.0,"STK":0.8,"PF":1.8,"Fls on:":3.0,"+\/-":-3.3,"GW":3.0,"GP":10.0},"J. Lazaro":{"TEAM":"ADMU","MINS":23.0092592592,"FGM":3.4444444444,"FGA":8.1111111111,"FG%":42.4657534247,"2PM":2.7777777778,"2PA":6.6666666667,"2P%":41.6666666667,"3PM":0.6666666667,"3PA":1.4444444444,"3P%":46.1538461538,"FTM":0.7777777778,"FTA":2.1111111111,"FT%":36.8421052632,"PTS":8.3333333333,"OFF":2.2222222222,"DEF":3.7777777778,"REB":6.0,"AST":1.5555555556,"TO":1.3333333333,"STL":0.5555555556,"BLK":0.4444444444,"STK":1.0,"PF":2.2222222222,"Fls on:":3.0,"+\/-":-7.0,"GW":2.0,"GP":9.0},"K. Porter":{"TEAM":"ADMU","MINS":23.645,"FGM":2.5,"FGA":7.8,"FG%":32.0512820513,"2PM":1.7,"2PA":4.7,"2P%":36.170212766,"3PM":0.8,"3PA":3.1,"3P%":25.8064516129,"FTM":1.3,"FTA":2.7,"FT%":48.1481481481,"PTS":7.1,"OFF":2.4,"DEF":4.7,"REB":7.1,"AST":0.6,"TO":0.8,"STL":1.0,"BLK":0.4,"STK":1.4,"PF":2.2,"Fls on:":1.6,"+\/-":-3.3,"GW":3.0,"GP":10.0},"C. Koon":{"TEAM":"ADMU","MINS":24.7333333333,"FGM":2.25,"FGA":8.375,"FG%":26.8656716418,"2PM":1.125,"2PA":4.125,"2P%":27.2727272727,"3PM":1.125,"3PA":4.25,"3P%":26.4705882353,"FTM":1.25,"FTA":2.75,"FT%":45.4545454545,"PTS":6.875,"OFF":1.0,"DEF":3.0,"REB":4.0,"AST":2.5,"TO":0.75,"STL":0.75,"BLK":0.0,"STK":0.75,"PF":2.375,"Fls on:":3.0,"+\/-":-2.5,"GW":3.0,"GP":8.0},"A. Bongo":{"TEAM":"ADMU","MINS":19.86,"FGM":1.9,"FGA":6.7,"FG%":28.3582089552,"2PM":0.5,"2PA":2.0,"2P%":25.0,"3PM":1.4,"3PA":4.7,"3P%":29.7872340426,"FTM":1.4,"FTA":1.7,"FT%":82.3529411765,"PTS":6.6,"OFF":1.0,"DEF":2.1,"REB":3.1,"AST":1.3,"TO":0.5,"STL":0.8,"BLK":0.2,"STK":1.0,"PF":2.1,"Fls on:":1.7,"+\/-":-1.7,"GW":3.0,"GP":10.0},"I. Espinosa":{"TEAM":"ADMU","MINS":17.15,"FGM":1.3,"FGA":4.3,"FG%":30.2325581395,"2PM":0.9,"2PA":2.6,"2P%":34.6153846154,"3PM":0.4,"3PA":1.7,"3P%":23.5294117647,"FTM":1.5,"FTA":2.2,"FT%":68.1818181818,"PTS":4.5,"OFF":0.5,"DEF":2.7,"REB":3.2,"AST":1.9,"TO":0.9,"STL":1.0,"BLK":0.3,"STK":1.3,"PF":1.6,"Fls on:":3.4,"+\/-":-1.6,"GW":3.0,"GP":10.0},"S. Quitevis":{"TEAM":"ADMU","MINS":26.2883333333,"FGM":1.2,"FGA":3.4,"FG%":35.2941176471,"2PM":0.8,"2PA":1.7,"2P%":47.0588235294,"3PM":0.4,"3PA":1.7,"3P%":23.5294117647,"FTM":0.6,"FTA":0.6,"FT%":100.0,"PTS":3.4,"OFF":0.6,"DEF":1.6,"REB":2.2,"AST":2.3,"TO":0.7,"STL":0.9,"BLK":0.0,"STK":0.9,"PF":3.2,"Fls on:":1.1,"+\/-":-5.5,"GW":3.0,"GP":10.0},"A. Balogun":{"TEAM":"ADMU","MINS":11.25,"FGM":0.8,"FGA":2.7,"FG%":29.6296296296,"2PM":0.8,"2PA":2.3,"2P%":34.7826086957,"3PM":0.0,"3PA":0.4,"3P%":0.0,"FTM":1.7,"FTA":2.8,"FT%":60.7142857143,"PTS":3.3,"OFF":1.7,"DEF":2.1,"REB":3.8,"AST":0.2,"TO":0.9,"STL":0.3,"BLK":0.4,"STK":0.7,"PF":1.8,"Fls on:":2.5,"+\/-":-1.5,"GW":3.0,"GP":10.0},"K. Gamber":{"TEAM":"ADMU","MINS":6.4145833333,"FGM":0.875,"FGA":2.625,"FG%":33.3333333333,"2PM":0.0,"2PA":0.625,"2P%":0.0,"3PM":0.875,"3PA":2.0,"3P%":43.75,"FTM":0.125,"FTA":0.125,"FT%":100.0,"PTS":2.75,"OFF":0.0,"DEF":0.625,"REB":0.625,"AST":0.375,"TO":0.5,"STL":0.0,"BLK":0.0,"STK":0.0,"PF":0.625,"Fls on:":0.0,"+\/-":-3.25,"GW":2.0,"GP":8.0},"W. Espina":{"TEAM":"ADMU","MINS":7.8533333333,"FGM":0.6,"FGA":2.6,"FG%":23.0769230769,"2PM":0.3,"2PA":1.1,"2P%":27.2727272727,"3PM":0.3,"3PA":1.5,"3P%":20.0,"FTM":0.4,"FTA":0.7,"FT%":57.1428571429,"PTS":1.9,"OFF":0.3,"DEF":0.4,"REB":0.7,"AST":0.7,"TO":0.5,"STL":0.5,"BLK":0.1,"STK":0.6,"PF":1.0,"Fls on:":0.4,"+\/-":1.5,"GW":3.0,"GP":10.0},"F. Edu":{"TEAM":"ADMU","MINS":4.4166666667,"FGM":0.4,"FGA":0.6,"FG%":66.6666666667,"2PM":0.4,"2PA":0.4,"2P%":100.0,"3PM":0.0,"3PA":0.2,"3P%":0.0,"FTM":0.2,"FTA":0.8,"FT%":25.0,"PTS":1.0,"OFF":0.4,"DEF":0.4,"REB":0.8,"AST":0.4,"TO":0.2,"STL":0.2,"BLK":0.0,"STK":0.2,"PF":1.0,"Fls on:":0.6,"+\/-":2.2,"GW":3.0,"GP":5.0},"K. Ong":{"TEAM":"ADMU","MINS":5.6547619048,"FGM":0.2857142857,"FGA":0.5714285714,"FG%":50.0,"2PM":0.2857142857,"2PA":0.5714285714,"2P%":50.0,"3PM":0.0,"3PA":0.0,"3P%":0.0,"FTM":0.1428571429,"FTA":0.2857142857,"FT%":50.0,"PTS":0.7142857143,"OFF":0.2857142857,"DEF":1.1428571429,"REB":1.4285714286,"AST":0.0,"TO":0.1428571429,"STL":0.0,"BLK":0.2857142857,"STK":0.2857142857,"PF":1.0,"Fls on:":0.2857142857,"+\/-":-1.5714285714,"GW":1.0,"GP":7.0},"M. Reyes":{"TEAM":"ADMU","MINS":2.5333333333,"FGM":0.0,"FGA":0.0,"FG%":0.0,"2PM":0.0,"2PA":0.0,"2P%":0.0,"3PM":0.0,"3PA":0.0,"3P%":0.0,"FTM":0.0,"FTA":0.0,"FT%":0.0,"PTS":0.0,"OFF":0.0,"DEF":0.5,"REB":0.5,"AST":0.0,"TO":0.0,"STL":0.0,"BLK":0.0,"STK":0.0,"PF":1.0,"Fls on:":0.0,"+\/-":2.5,"GW":1.0,"GP":2.0}}