{"S. Tuano":{"TEAM":"ADMU","MINS":20.4683333333,"FGM":6.0092826317,"FGA":12.4582688706,"FG%":48.2352941176,"2PM":5.5695790245,"2PA":10.1131829656,"2P%":55.0724637681,"3PM":0.4397036072,"3PA":2.3450859051,"3P%":18.75,"FTM":2.7847895123,"FTA":6.1558505008,"FT%":45.2380952381,"PTS":15.2430583829,"OFF":1.9053822979,"DEF":1.9053822979,"REB":3.8107645957,"AST":1.0259750835,"TO":2.9313573813,"STL":1.1725429525,"BLK":0.0,"STK":1.1725429525,"PF":2.6382216432,"Fls on:":4.397036072,"+\/-":-4.8367396792,"GW":3.0,"GP":10.0},"J. Bahay":{"TEAM":"ADMU","MINS":23.5983333333,"FGM":4.4494667703,"FGA":15.6366975069,"FG%":28.4552845528,"2PM":2.5425524401,"2PA":6.3563811004,"2P%":40.0,"3PM":1.9069143301,"3PA":9.2803164065,"3P%":20.5479452055,"FTM":3.0510629282,"FTA":4.5765943923,"FT%":66.6666666667,"PTS":13.8569107988,"OFF":1.0170209761,"DEF":2.9239353062,"REB":3.9409562822,"AST":5.5936153683,"TO":1.6526590861,"STL":0.8898933541,"BLK":0.0,"STK":0.8898933541,"PF":2.6696800622,"Fls on:":3.9409562822,"+\/-":-4.0680839042,"GW":3.0,"GP":10.0},"K. Gamber":{"TEAM":"ADMU","MINS":6.4145833333,"FGM":4.0922377395,"FGA":12.2767132186,"FG%":33.3333333333,"2PM":0.0,"2PA":2.9230269568,"2P%":0.0,"3PM":4.0922377395,"3PA":9.3536862618,"3P%":43.75,"FTM":0.5846053914,"FTA":0.5846053914,"FT%":100.0,"PTS":12.8613186099,"OFF":0.0,"DEF":2.9230269568,"REB":2.9230269568,"AST":1.7538161741,"TO":2.3384215654,"STL":0.0,"BLK":0.0,"STK":0.0,"PF":2.9230269568,"Fls on:":0.0,"+\/-":-15.1997401754,"GW":2.0,"GP":8.0},"J. Lazaro":{"TEAM":"ADMU","MINS":23.0092592592,"FGM":4.490945674,"FGA":10.5754527163,"FG%":42.4657534247,"2PM":3.6217303823,"2PA":8.6921529175,"2P%":41.6666666667,"3PM":0.8692152918,"3PA":1.8832997988,"3P%":46.1538461538,"FTM":1.014084507,"FTA":2.7525150905,"FT%":36.8421052632,"PTS":10.8651911469,"OFF":2.8973843058,"DEF":4.9255533199,"REB":7.8229376258,"AST":2.0281690141,"TO":1.7384305835,"STL":0.7243460765,"BLK":0.5794768612,"STK":1.3038229376,"PF":2.8973843058,"Fls on:":3.9114688129,"+\/-":-9.1267605634,"GW":2.0,"GP":9.0},"A. Bongo":{"TEAM":"ADMU","MINS":19.86,"FGM":2.8700906344,"FGA":10.1208459215,"FG%":28.3582089552,"2PM":0.7552870091,"2PA":3.0211480363,"2P%":25.0,"3PM":2.1148036254,"3PA":7.0996978852,"3P%":29.7872340426,"FTM":2.1148036254,"FTA":2.5679758308,"FT%":82.3529411765,"PTS":9.9697885196,"OFF":1.5105740181,"DEF":3.1722054381,"REB":4.6827794562,"AST":1.9637462236,"TO":0.7552870091,"STL":1.2084592145,"BLK":0.3021148036,"STK":1.5105740181,"PF":3.1722054381,"Fls on:":2.5679758308,"+\/-":-2.5679758308,"GW":3.0,"GP":10.0},"K. Porter":{"TEAM":"ADMU","MINS":23.645,"FGM":3.1719179531,"FGA":9.8963840135,"FG%":32.0512820513,"2PM":2.1569042081,"2PA":5.9632057517,"2P%":36.170212766,"3PM":1.015013745,"3PA":3.9331782618,"3P%":25.8064516129,"FTM":1.6493973356,"FTA":3.4256713893,"FT%":48.1481481481,"PTS":9.0082469867,"OFF":3.0450412349,"DEF":5.9632057517,"REB":9.0082469867,"AST":0.7612603087,"TO":1.015013745,"STL":1.2687671812,"BLK":0.5075068725,"STK":1.7762740537,"PF":2.7912877987,"Fls on:":2.03002749,"+\/-":-4.186931698,"GW":3.0,"GP":10.0},"A. Balogun":{"TEAM":"ADMU","MINS":11.25,"FGM":2.1333333333,"FGA":7.2,"FG%":29.6296296296,"2PM":2.1333333333,"2PA":6.1333333333,"2P%":34.7826086957,"3PM":0.0,"3PA":1.0666666667,"3P%":0.0,"FTM":4.5333333333,"FTA":7.4666666667,"FT%":60.7142857143,"PTS":8.8,"OFF":4.5333333333,"DEF":5.6,"REB":10.1333333333,"AST":0.5333333333,"TO":2.4,"STL":0.8,"BLK":1.0666666667,"STK":1.8666666667,"PF":4.8,"Fls on:":6.6666666667,"+\/-":-4.0,"GW":3.0,"GP":10.0},"C. Koon":{"TEAM":"ADMU","MINS":24.7333333333,"FGM":2.7291105121,"FGA":10.1583557952,"FG%":26.8656716418,"2PM":1.3645552561,"2PA":5.0033692722,"2P%":27.2727272727,"3PM":1.3645552561,"3PA":5.1549865229,"3P%":26.4705882353,"FTM":1.5161725067,"FTA":3.3355795148,"FT%":45.4545454545,"PTS":8.3389487871,"OFF":1.2129380054,"DEF":3.6388140162,"REB":4.8517520216,"AST":3.0323450135,"TO":0.909703504,"STL":0.909703504,"BLK":0.0,"STK":0.909703504,"PF":2.8807277628,"Fls on:":3.6388140162,"+\/-":-3.0323450135,"GW":3.0,"GP":8.0},"I. Espinosa":{"TEAM":"ADMU","MINS":17.15,"FGM":2.2740524781,"FGA":7.5218658892,"FG%":30.2325581395,"2PM":1.5743440233,"2PA":4.5481049563,"2P%":34.6153846154,"3PM":0.6997084548,"3PA":2.9737609329,"3P%":23.5294117647,"FTM":2.6239067055,"FTA":3.8483965015,"FT%":68.1818181818,"PTS":7.8717201166,"OFF":0.8746355685,"DEF":4.72303207,"REB":5.5976676385,"AST":3.3236151603,"TO":1.5743440233,"STL":1.749271137,"BLK":0.5247813411,"STK":2.2740524781,"PF":2.7988338192,"Fls on:":5.9475218659,"+\/-":-2.7988338192,"GW":3.0,"GP":10.0},"W. Espina":{"TEAM":"ADMU","MINS":7.8533333333,"FGM":2.2920203735,"FGA":9.9320882852,"FG%":23.0769230769,"2PM":1.1460101868,"2PA":4.2020373515,"2P%":27.2727272727,"3PM":1.1460101868,"3PA":5.7300509338,"3P%":20.0,"FTM":1.5280135823,"FTA":2.6740237691,"FT%":57.1428571429,"PTS":7.2580645161,"OFF":1.1460101868,"DEF":1.5280135823,"REB":2.6740237691,"AST":2.6740237691,"TO":1.9100169779,"STL":1.9100169779,"BLK":0.3820033956,"STK":2.2920203735,"PF":3.8200339559,"Fls on:":1.5280135823,"+\/-":5.7300509338,"GW":3.0,"GP":10.0},"F. Edu":{"TEAM":"ADMU","MINS":4.4166666667,"FGM":2.7169811321,"FGA":4.0754716981,"FG%":66.6666666667,"2PM":2.7169811321,"2PA":2.7169811321,"2P%":100.0,"3PM":0.0,"3PA":1.358490566,"3P%":0.0,"FTM":1.358490566,"FTA":5.4339622641,"FT%":25.0,"PTS":6.7924528302,"OFF":2.7169811321,"DEF":2.7169811321,"REB":5.4339622641,"AST":2.7169811321,"TO":1.358490566,"STL":1.358490566,"BLK":0.0,"STK":1.358490566,"PF":6.7924528302,"Fls on:":4.0754716981,"+\/-":14.9433962264,"GW":3.0,"GP":5.0},"S. Quitevis":{"TEAM":"ADMU","MINS":26.2883333333,"FGM":1.3694287707,"FGA":3.8800481836,"FG%":35.2941176471,"2PM":0.9129525138,"2PA":1.9400240918,"2P%":47.0588235294,"3PM":0.4564762569,"3PA":1.9400240918,"3P%":23.5294117647,"FTM":0.6847143853,"FTA":0.6847143853,"FT%":100.0,"PTS":3.8800481836,"OFF":0.6847143853,"DEF":1.8259050276,"REB":2.5106194129,"AST":2.6247384771,"TO":0.7988334496,"STL":1.027071578,"BLK":0.0,"STK":1.027071578,"PF":3.6518100552,"Fls on:":1.2553097065,"+\/-":-6.2765485323,"GW":3.0,"GP":10.0},"K. Ong":{"TEAM":"ADMU","MINS":5.6547619048,"FGM":1.5157894737,"FGA":3.0315789474,"FG%":50.0,"2PM":1.5157894737,"2PA":3.0315789474,"2P%":50.0,"3PM":0.0,"3PA":0.0,"3P%":0.0,"FTM":0.7578947368,"FTA":1.5157894737,"FT%":50.0,"PTS":3.7894736842,"OFF":1.5157894737,"DEF":6.0631578947,"REB":7.5789473684,"AST":0.0,"TO":0.7578947368,"STL":0.0,"BLK":1.5157894737,"STK":1.5157894737,"PF":5.3052631579,"Fls on:":1.5157894737,"+\/-":-8.3368421053,"GW":1.0,"GP":7.0},"M. Reyes":{"TEAM":"ADMU","MINS":2.5333333333,"FGM":0.0,"FGA":0.0,"FG%":0.0,"2PM":0.0,"2PA":0.0,"2P%":0.0,"3PM":0.0,"3PA":0.0,"3P%":0.0,"FTM":0.0,"FTA":0.0,"FT%":0.0,"PTS":0.0,"OFF":0.0,"DEF":5.9210526317,"REB":5.9210526317,"AST":0.0,"TO":0.0,"STL":0.0,"BLK":0.0,"STK":0.0,"PF":11.8421052633,"Fls on:":0.0,"+\/-":29.6052631583,"GW":1.0,"GP":2.0}}