{"W. Espina":{"TEAM":"ADMU","MINS":78.5333333332,"FGM":6.0,"FGA":26.0,"FG%":23.0769230769,"2PM":3.0,"2PA":11.0,"2P%":27.2727272727,"3PM":3.0,"3PA":15.0,"3P%":20.0,"FTM":4.0,"FTA":7.0,"FT%":57.1428571429,"PTS":19.0,"OFF":3.0,"DEF":4.0,"REB":7.0,"AST":7.0,"TO":5.0,"STL":5.0,"BLK":1.0,"STK":6.0,"PF":10.0,"Fls on:":4.0,"+\/-":15.0,"GW":3.0,"GP":10.0},"C. Koon":{"TEAM":"ADMU","MINS":197.8666666666,"FGM":18.0,"FGA":67.0,"FG%":26.8656716418,"2PM":9.0,"2PA":33.0,"2P%":27.2727272727,"3PM":9.0,"3PA":34.0,"3P%":26.4705882353,"FTM":10.0,"FTA":22.0,"FT%":45.4545454545,"PTS":55.0,"OFF":8.0,"DEF":24.0,"REB":32.0,"AST":20.0,"TO":6.0,"STL":6.0,"BLK":0.0,"STK":6.0,"PF":19.0,"Fls on:":24.0,"+\/-":-20.0,"GW":3.0,"GP":8.0},"K. Gamber":{"TEAM":"ADMU","MINS":51.3166666667,"FGM":7.0,"FGA":21.0,"FG%":33.3333333333,"2PM":0.0,"2PA":5.0,"2P%":0.0,"3PM":7.0,"3PA":16.0,"3P%":43.75,"FTM":1.0,"FTA":1.0,"FT%":100.0,"PTS":22.0,"OFF":0.0,"DEF":5.0,"REB":5.0,"AST":3.0,"TO":4.0,"STL":0.0,"BLK":0.0,"STK":0.0,"PF":5.0,"Fls on:":0.0,"+\/-":-26.0,"GW":2.0,"GP":8.0},"S. Tuano":{"TEAM":"ADMU","MINS":204.6833333334,"FGM":41.0,"FGA":85.0,"FG%":48.2352941176,"2PM":38.0,"2PA":69.0,"2P%":55.0724637681,"3PM":3.0,"3PA":16.0,"3P%":18.75,"FTM":19.0,"FTA":42.0,"FT%":45.2380952381,"PTS":104.0,"OFF":13.0,"DEF":13.0,"REB":26.0,"AST":7.0,"TO":20.0,"STL":8.0,"BLK":0.0,"STK":8.0,"PF":18.0,"Fls on:":30.0,"+\/-":-33.0,"GW":3.0,"GP":10.0},"K. Ong":{"TEAM":"ADMU","MINS":39.5833333333,"FGM":2.0,"FGA":4.0,"FG%":50.0,"2PM":2.0,"2PA":4.0,"2P%":50.0,"3PM":0.0,"3PA":0.0,"3P%":0.0,"FTM":1.0,"FTA":2.0,"FT%":50.0,"PTS":5.0,"OFF":2.0,"DEF":8.0,"REB":10.0,"AST":0.0,"TO":1.0,"STL":0.0,"BLK":2.0,"STK":2.0,"PF":7.0,"Fls on:":2.0,"+\/-":-11.0,"GW":1.0,"GP":7.0},"S. Quitevis":{"TEAM":"ADMU","MINS":262.8833333334,"FGM":12.0,"FGA":34.0,"FG%":35.2941176471,"2PM":8.0,"2PA":17.0,"2P%":47.0588235294,"3PM":4.0,"3PA":17.0,"3P%":23.5294117647,"FTM":6.0,"FTA":6.0,"FT%":100.0,"PTS":34.0,"OFF":6.0,"DEF":16.0,"REB":22.0,"AST":23.0,"TO":7.0,"STL":9.0,"BLK":0.0,"STK":9.0,"PF":32.0,"Fls on:":11.0,"+\/-":-55.0,"GW":3.0,"GP":10.0},"J. Bahay":{"TEAM":"ADMU","MINS":235.9833333334,"FGM":35.0,"FGA":123.0,"FG%":28.4552845528,"2PM":20.0,"2PA":50.0,"2P%":40.0,"3PM":15.0,"3PA":73.0,"3P%":20.5479452055,"FTM":24.0,"FTA":36.0,"FT%":66.6666666667,"PTS":109.0,"OFF":8.0,"DEF":23.0,"REB":31.0,"AST":44.0,"TO":13.0,"STL":7.0,"BLK":0.0,"STK":7.0,"PF":21.0,"Fls on:":31.0,"+\/-":-32.0,"GW":3.0,"GP":10.0},"K. Porter":{"TEAM":"ADMU","MINS":236.45,"FGM":25.0,"FGA":78.0,"FG%":32.0512820513,"2PM":17.0,"2PA":47.0,"2P%":36.170212766,"3PM":8.0,"3PA":31.0,"3P%":25.8064516129,"FTM":13.0,"FTA":27.0,"FT%":48.1481481481,"PTS":71.0,"OFF":24.0,"DEF":47.0,"REB":71.0,"AST":6.0,"TO":8.0,"STL":10.0,"BLK":4.0,"STK":14.0,"PF":22.0,"Fls on:":16.0,"+\/-":-33.0,"GW":3.0,"GP":10.0},"M. Reyes":{"TEAM":"ADMU","MINS":5.0666666666,"FGM":0.0,"FGA":0.0,"FG%":0.0,"2PM":0.0,"2PA":0.0,"2P%":0.0,"3PM":0.0,"3PA":0.0,"3P%":0.0,"FTM":0.0,"FTA":0.0,"FT%":0.0,"PTS":0.0,"OFF":0.0,"DEF":1.0,"REB":1.0,"AST":0.0,"TO":0.0,"STL":0.0,"BLK":0.0,"STK":0.0,"PF":2.0,"Fls on:":0.0,"+\/-":5.0,"GW":1.0,"GP":2.0},"F. Edu":{"TEAM":"ADMU","MINS":22.0833333334,"FGM":2.0,"FGA":3.0,"FG%":66.6666666667,"2PM":2.0,"2PA":2.0,"2P%":100.0,"3PM":0.0,"3PA":1.0,"3P%":0.0,"FTM":1.0,"FTA":4.0,"FT%":25.0,"PTS":5.0,"OFF":2.0,"DEF":2.0,"REB":4.0,"AST":2.0,"TO":1.0,"STL":1.0,"BLK":0.0,"STK":1.0,"PF":5.0,"Fls on:":3.0,"+\/-":11.0,"GW":3.0,"GP":5.0},"A. Bongo":{"TEAM":"ADMU","MINS":198.6,"FGM":19.0,"FGA":67.0,"FG%":28.3582089552,"2PM":5.0,"2PA":20.0,"2P%":25.0,"3PM":14.0,"3PA":47.0,"3P%":29.7872340426,"FTM":14.0,"FTA":17.0,"FT%":82.3529411765,"PTS":66.0,"OFF":10.0,"DEF":21.0,"REB":31.0,"AST":13.0,"TO":5.0,"STL":8.0,"BLK":2.0,"STK":10.0,"PF":21.0,"Fls on:":17.0,"+\/-":-17.0,"GW":3.0,"GP":10.0},"A. Balogun":{"TEAM":"ADMU","MINS":112.5,"FGM":8.0,"FGA":27.0,"FG%":29.6296296296,"2PM":8.0,"2PA":23.0,"2P%":34.7826086957,"3PM":0.0,"3PA":4.0,"3P%":0.0,"FTM":17.0,"FTA":28.0,"FT%":60.7142857143,"PTS":33.0,"OFF":17.0,"DEF":21.0,"REB":38.0,"AST":2.0,"TO":9.0,"STL":3.0,"BLK":4.0,"STK":7.0,"PF":18.0,"Fls on:":25.0,"+\/-":-15.0,"GW":3.0,"GP":10.0},"J. Lazaro":{"TEAM":"ADMU","MINS":207.0833333332,"FGM":31.0,"FGA":73.0,"FG%":42.4657534247,"2PM":25.0,"2PA":60.0,"2P%":41.6666666667,"3PM":6.0,"3PA":13.0,"3P%":46.1538461538,"FTM":7.0,"FTA":19.0,"FT%":36.8421052632,"PTS":75.0,"OFF":20.0,"DEF":34.0,"REB":54.0,"AST":14.0,"TO":12.0,"STL":5.0,"BLK":4.0,"STK":9.0,"PF":20.0,"Fls on:":27.0,"+\/-":-63.0,"GW":2.0,"GP":9.0},"I. Espinosa":{"TEAM":"ADMU","MINS":171.5,"FGM":13.0,"FGA":43.0,"FG%":30.2325581395,"2PM":9.0,"2PA":26.0,"2P%":34.6153846154,"3PM":4.0,"3PA":17.0,"3P%":23.5294117647,"FTM":15.0,"FTA":22.0,"FT%":68.1818181818,"PTS":45.0,"OFF":5.0,"DEF":27.0,"REB":32.0,"AST":19.0,"TO":9.0,"STL":10.0,"BLK":3.0,"STK":13.0,"PF":16.0,"Fls on:":34.0,"+\/-":-16.0,"GW":3.0,"GP":10.0}}