{"A. Bongo":{"TEAM":"ADMU","SP":32.2,"GP":10.0,"MPG":19.86,"EWA":0.4517992063,"PER":15.3925901542,"WS":0.4668926999,"OWS":0.4403131091,"DWS":0.0265795908,"EFF":6.4,"GmSc":4.39,"TS%":44.3071965628,"EFG%":38.8059701493,"PPWS":0.8861439313,"FTR":0.2537313433,"REB%":7.7094539828,"OREB%":4.4428647592,"DREB%":11.8628181202,"AR":3.6611571914,"pAST%":14.7073612228,"TOR":1.4081373813,"AST\/TO":2.6,"PPR":1.8928244475,"USG%":18.9897800868,"aSP":31.8024691358,"ORtg":97.3354002815,"DRtg":96.975437081,"Floor%":38.771709684,"Stop%":0.5453931517,"FFI":44.8648968155,"PIE":4.317386231,"AV":1.0774960475},"J. Bahay":{"TEAM":"ADMU","SP":51.6,"GP":10.0,"MPG":23.5983333333,"EWA":0.8296626577,"PER":17.8866937301,"WS":0.4489328628,"OWS":0.4870455086,"DWS":-0.0381126457,"EFF":7.8,"GmSc":6.1,"TS%":39.2538173437,"EFG%":34.5528455285,"PPWS":0.7850763469,"FTR":0.2926829268,"REB%":6.4881597329,"OREB%":2.9912381649,"DREB%":10.9343841089,"AR":10.4285904593,"pAST%":47.5132214471,"TOR":3.0811744539,"AST\/TO":3.3846153846,"PPR":7.0959679336,"USG%":30.5313624397,"aSP":50.962962963,"ORtg":89.456063925,"DRtg":99.1766794572,"Floor%":39.1245284683,"Stop%":0.4941486988,"FFI":43.0393361333,"PIE":6.1843640607,"AV":1.24983205},"J. Lazaro":{"TEAM":"ADMU","SP":40.0,"GP":9.0,"MPG":23.0092592592,"EWA":0.7105847936,"PER":17.7171047167,"WS":0.4035325918,"OWS":0.3422813148,"DWS":0.0612512769,"EFF":9.5555555556,"GmSc":5.9222222222,"TS%":46.0914454277,"EFG%":46.5753424658,"PPWS":0.9218289086,"FTR":0.2602739726,"REB%":12.879226579,"OREB%":8.5217185466,"DREB%":18.4196592296,"AR":3.7812653601,"pAST%":17.2885619545,"TOR":3.2410845944,"AST\/TO":1.1666666667,"PPR":-1.3202061016,"USG%":21.3922771798,"aSP":39.5061728395,"ORtg":90.8576328691,"DRtg":95.7684150961,"Floor%":42.760438368,"Stop%":0.5734923659,"FFI":48.4283191361,"PIE":6.301050175,"AV":1.3447902252},"K. Porter":{"TEAM":"ADMU","SP":39.3,"GP":10.0,"MPG":23.645,"EWA":0.4965552701,"PER":15.0410873034,"WS":0.3869651391,"OWS":0.2016901852,"DWS":0.1852749539,"EFF":8.7,"GmSc":5.19,"TS%":39.4971072541,"EFG%":37.1794871795,"PPWS":0.7899421451,"FTR":0.3461538462,"REB%":14.8306505268,"OREB%":8.9560036322,"DREB%":22.300076911,"AR":1.4192738453,"pAST%":5.8332763209,"TOR":1.892365127,"AST\/TO":0.75,"PPR":-1.7343583011,"USG%":19.6424638898,"aSP":38.8148148148,"ORtg":85.922809609,"DRtg":92.1328123034,"Floor%":39.927796854,"Stop%":0.6581284233,"FFI":46.3822120088,"PIE":5.950991832,"AV":1.3565010827},"I. Espinosa":{"TEAM":"ADMU","SP":31.2,"GP":10.0,"MPG":17.15,"EWA":0.3963148674,"PER":15.4648564633,"WS":0.3457298501,"OWS":0.2113174696,"DWS":0.1344123805,"EFF":6.3,"GmSc":3.89,"TS%":42.7107061503,"EFG%":34.8837209302,"PPWS":0.854214123,"FTR":0.511627907,"REB%":9.2156723317,"OREB%":2.5724575545,"DREB%":17.6623082949,"AR":6.1964613348,"pAST%":23.8283245854,"TOR":2.9351658954,"AST\/TO":2.1111111111,"PPR":2.1919238208,"USG%":17.0655999904,"aSP":30.8148148148,"ORtg":89.8261147019,"DRtg":92.1314976337,"Floor%":41.2952482955,"Stop%":0.6581590285,"FFI":46.4086070138,"PIE":5.0175029172,"AV":1.0648443168},"S. Quitevis":{"TEAM":"ADMU","SP":27.8,"GP":10.0,"MPG":26.2883333333,"EWA":-0.3409505724,"PER":8.2130996622,"WS":0.2315621476,"OWS":0.3097381169,"DWS":-0.0781759693,"EFF":5.9,"GmSc":2.93,"TS%":46.3973799127,"EFG%":41.1764705882,"PPWS":0.9279475983,"FTR":0.1764705882,"REB%":4.1333368383,"OREB%":2.0138658392,"DREB%":6.8281766959,"AR":4.8934938923,"pAST%":17.6716823385,"TOR":1.4893242281,"AST\/TO":3.2857142857,"PPR":3.2499288364,"USG%":7.8770392606,"aSP":27.4567901235,"ORtg":100.0252797741,"DRtg":100.1893751755,"Floor%":42.5968340391,"Stop%":0.4705733585,"FFI":44.1480891696,"PIE":2.8004667445,"AV":1.013723966},"S. Tuano":{"TEAM":"ADMU","SP":34.5,"GP":10.0,"MPG":20.4683333333,"EWA":0.6138647881,"PER":16.8481812107,"WS":0.1906046242,"OWS":0.2365712745,"DWS":-0.0459666503,"EFF":5.8,"GmSc":5.04,"TS%":50.2512562814,"EFG%":50.0,"PPWS":1.0050251256,"FTR":0.4941176471,"REB%":6.2738197612,"OREB%":5.6040655819,"DREB%":7.1253908646,"AR":1.9128011603,"pAST%":10.0458352306,"TOR":5.4651461723,"AST\/TO":0.35,"PPR":-7.6801949897,"USG%":28.6256568535,"aSP":34.0740740741,"ORtg":85.6507648494,"DRtg":99.6467461374,"Floor%":43.3399913548,"Stop%":0.4832056468,"FFI":52.1662912792,"PIE":3.9089848308,"AV":1.0008101482},"A. Balogun":{"TEAM":"ADMU","SP":20.6,"GP":10.0,"MPG":11.25,"EWA":0.1572133788,"PER":13.6288790352,"WS":0.1661111458,"OWS":0.0964353305,"DWS":0.0696758154,"EFF":4.1,"GmSc":2.21,"TS%":41.9633774161,"EFG%":29.6296296296,"PPWS":0.8392675483,"FTR":1.037037037,"REB%":16.6829268293,"OREB%":13.3333333333,"DREB%":20.9418282548,"AR":0.9943327429,"pAST%":3.785488959,"TOR":4.4744973428,"AST\/TO":0.2222222222,"PPR":-6.9867018273,"USG%":20.3805417565,"aSP":20.3456790123,"ORtg":85.2734736418,"DRtg":93.3568475859,"Floor%":43.7792803465,"Stop%":0.629633143,"FFI":53.9554497384,"PIE":1.4585764294,"AV":0.771558034},"C. Koon":{"TEAM":"ADMU","SP":39.625,"GP":8.0,"MPG":24.7333333333,"EWA":-0.0056713473,"PER":10.7623884368,"WS":0.0963708195,"OWS":0.0958874129,"DWS":0.0004834066,"EFF":5.75,"GmSc":3.7125,"TS%":35.8633281168,"EFG%":33.5820895522,"PPWS":0.7172665623,"FTR":0.328358209,"REB%":7.9876405233,"OREB%":3.5674647217,"DREB%":13.6077532461,"AR":5.6534248772,"pAST%":22.473281765,"TOR":1.6960274632,"AST\/TO":3.3333333333,"PPR":3.7996792649,"USG%":19.8275544635,"aSP":39.1358024691,"ORtg":83.0424029641,"DRtg":97.9547305529,"Floor%":36.6774671184,"Stop%":0.5225954086,"FFI":43.6476950338,"PIE":2.6837806301,"AV":0.8411028006},"F. Edu":{"TEAM":"ADMU","SP":14.8,"GP":5.0,"MPG":4.4166666667,"EWA":0.0279213513,"PER":13.3613697819,"WS":0.0466892102,"OWS":0.0438352434,"DWS":0.0028539668,"EFF":1.4,"GmSc":0.78,"TS%":52.5210084034,"EFG%":66.6666666667,"PPWS":1.0504201681,"FTR":1.3333333333,"REB%":8.9461573861,"OREB%":7.9911209767,"DREB%":10.160455757,"AR":5.06546869,"pAST%":20.1179757838,"TOR":2.532734345,"AST\/TO":2.0,"PPR":1.547505737,"USG%":12.3765379153,"aSP":14.6172839506,"ORtg":100.7717247323,"DRtg":97.0097112677,"Floor%":51.9276798115,"Stop%":0.5445952559,"FFI":72.6317072758,"PIE":0.1166861144,"AV":0.2049293843},"K. Ong":{"TEAM":"ADMU","SP":6.8571428571,"GP":7.0,"MPG":5.6547619048,"EWA":-0.0620041949,"PER":7.6714922485,"WS":0.042974147,"OWS":0.0272506843,"DWS":0.0157234626,"EFF":1.8571428571,"GmSc":0.5714285714,"TS%":51.2295081967,"EFG%":50.0,"PPWS":1.0245901639,"FTR":0.5,"REB%":12.4775353017,"OREB%":4.4582043344,"DREB%":22.6738591632,"AR":0.0,"pAST%":0.0,"TOR":1.4129991609,"AST\/TO":0.0,"PPR":-2.5900359177,"USG%":7.048655475,"aSP":6.7724867725,"ORtg":93.6633895305,"DRtg":95.0123326456,"Floor%":47.8722595065,"Stop%":0.5910938041,"FFI":53.0383910766,"PIE":0.4667444574,"AV":0.3260154782},"K. Gamber":{"TEAM":"ADMU","SP":11.5,"GP":8.0,"MPG":6.4145833333,"EWA":0.0107428391,"PER":11.24078155,"WS":0.0209685354,"OWS":0.0532288657,"DWS":-0.0322603304,"EFF":1.5,"GmSc":0.9625,"TS%":51.3059701493,"EFG%":50.0,"PPWS":1.026119403,"FTR":0.0476190476,"REB%":4.8123004777,"OREB%":0.0,"DREB%":10.9309872346,"AR":3.2697690878,"pAST%":14.458519519,"TOR":4.3596921171,"AST\/TO":0.75,"PPR":-3.99567087,"USG%":23.5233943679,"aSP":11.3580246914,"ORtg":86.4256342154,"DRtg":102.6584323794,"Floor%":29.6913759867,"Stop%":0.4130942336,"FFI":44.624362685,"PIE":0.8168028005,"AV":0.3070199805},"M. Reyes":{"TEAM":"ADMU","SP":8.5,"GP":2.0,"MPG":2.5333333333,"EWA":-0.0371929904,"PER":-3.9348507862,"WS":0.0009168237,"OWS":0.0,"DWS":0.0009168237,"EFF":0.5,"GmSc":-0.25,"TS%":0.0,"EFG%":0.0,"PPWS":0.0,"FTR":0.0,"REB%":9.7480744546,"OREB%":0.0,"DREB%":22.1424405893,"AR":0.0,"pAST%":0.0,"TOR":0.0,"AST\/TO":null,"PPR":0.0,"USG%":0.0,"aSP":8.3950617284,"ORtg":null,"DRtg":96.6242610335,"Floor%":null,"Stop%":0.5535684551,"FFI":25.0,"PIE":-0.1166861144,"AV":0.0476190476},"W. Espina":{"TEAM":"ADMU","SP":14.2,"GP":10.0,"MPG":7.8533333333,"EWA":-0.155405385,"PER":6.8425192208,"WS":-0.0820474741,"OWS":-0.0972507634,"DWS":0.0152032893,"EFF":1.1,"GmSc":0.69,"TS%":32.6685006878,"EFG%":28.8461538462,"PPWS":0.6533700138,"FTR":0.2692307692,"REB%":4.4023562052,"OREB%":3.3706181964,