{"M. Montebon":{"TEAM":"AdU","MINS":21.8466666667,"FGM":3.4,"FGA":9.1,"FG%":37.3626373626,"2PM":2.0,"2PA":4.8,"2P%":41.6666666667,"3PM":1.4,"3PA":4.3,"3P%":32.5581395349,"FTM":2.4,"FTA":3.2,"FT%":75.0,"PTS":10.6,"OFF":0.3,"DEF":2.5,"REB":2.8,"AST":2.5,"TO":2.3,"STL":1.3,"BLK":0.2,"STK":1.5,"PF":1.6,"Fls on:":2.6,"+\/-":-4.1,"GW":3.0,"GP":10.0},"C. Manzano":{"TEAM":"AdU","MINS":22.84,"FGM":3.1,"FGA":7.8,"FG%":39.7435897436,"2PM":3.1,"2PA":7.8,"2P%":39.7435897436,"3PM":0.0,"3PA":0.0,"3P%":0.0,"FTM":3.0,"FTA":4.1,"FT%":73.1707317073,"PTS":9.2,"OFF":3.5,"DEF":4.1,"REB":7.6,"AST":1.8,"TO":2.7,"STL":0.7,"BLK":0.9,"STK":1.6,"PF":2.9,"Fls on:":3.7,"+\/-":0.0,"GW":3.0,"GP":10.0},"A. Fransman":{"TEAM":"AdU","MINS":18.46,"FGM":2.5,"FGA":7.5,"FG%":33.3333333333,"2PM":1.4,"2PA":4.2,"2P%":33.3333333333,"3PM":1.1,"3PA":3.3,"3P%":33.3333333333,"FTM":0.9,"FTA":1.0,"FT%":90.0,"PTS":7.0,"OFF":1.2,"DEF":5.1,"REB":6.3,"AST":0.7,"TO":1.4,"STL":1.0,"BLK":0.4,"STK":1.4,"PF":1.2,"Fls on:":1.3,"+\/-":-5.8,"GW":3.0,"GP":10.0},"M. Erolon":{"TEAM":"AdU","MINS":16.6907407407,"FGM":2.4444444444,"FGA":6.5555555556,"FG%":37.2881355932,"2PM":1.4444444444,"2PA":3.4444444444,"2P%":41.935483871,"3PM":1.0,"3PA":3.1111111111,"3P%":32.1428571429,"FTM":0.2222222222,"FTA":0.3333333333,"FT%":66.6666666667,"PTS":6.1111111111,"OFF":0.1111111111,"DEF":1.2222222222,"REB":1.3333333333,"AST":2.5555555556,"TO":1.4444444444,"STL":1.0,"BLK":0.0,"STK":1.0,"PF":1.2222222222,"Fls on:":1.4444444444,"+\/-":0.4444444444,"GW":3.0,"GP":9.0},"J. Yerro":{"TEAM":"AdU","MINS":21.5,"FGM":1.9,"FGA":6.2,"FG%":30.6451612903,"2PM":1.3,"2PA":3.3,"2P%":39.3939393939,"3PM":0.6,"3PA":2.9,"3P%":20.6896551724,"FTM":1.1,"FTA":1.5,"FT%":73.3333333333,"PTS":5.5,"OFF":0.6,"DEF":2.0,"REB":2.6,"AST":1.4,"TO":2.0,"STL":0.7,"BLK":0.0,"STK":0.7,"PF":2.4,"Fls on:":1.4,"+\/-":-3.7,"GW":3.0,"GP":10.0},"R. Mantua":{"TEAM":"AdU","MINS":16.2966666667,"FGM":1.7,"FGA":4.7,"FG%":36.170212766,"2PM":1.0,"2PA":2.9,"2P%":34.4827586207,"3PM":0.7,"3PA":1.8,"3P%":38.8888888889,"FTM":1.1,"FTA":1.2,"FT%":91.6666666667,"PTS":5.2,"OFF":0.3,"DEF":1.4,"REB":1.7,"AST":1.1,"TO":1.5,"STL":0.3,"BLK":0.1,"STK":0.4,"PF":1.8,"Fls on:":1.1,"+\/-":-3.8,"GW":3.0,"GP":10.0},"J. Calisay":{"TEAM":"AdU","MINS":18.9233333333,"FGM":1.5,"FGA":5.8,"FG%":25.8620689655,"2PM":0.6,"2PA":2.7,"2P%":22.2222222222,"3PM":0.9,"3PA":3.1,"3P%":29.0322580645,"FTM":0.4,"FTA":0.9,"FT%":44.4444444444,"PTS":4.3,"OFF":0.6,"DEF":3.4,"REB":4.0,"AST":1.4,"TO":1.1,"STL":0.7,"BLK":0.1,"STK":0.8,"PF":1.6,"Fls on:":0.9,"+\/-":-0.9,"GW":3.0,"GP":10.0},"M. Ojarikre":{"TEAM":"AdU","MINS":23.4316666667,"FGM":1.6,"FGA":3.5,"FG%":45.7142857143,"2PM":1.6,"2PA":3.5,"2P%":45.7142857143,"3PM":0.0,"3PA":0.0,"3P%":0.0,"FTM":0.9,"FTA":2.6,"FT%":34.6153846154,"PTS":4.1,"OFF":3.7,"DEF":5.9,"REB":9.6,"AST":0.1,"TO":1.9,"STL":0.2,"BLK":2.7,"STK":2.9,"PF":1.8,"Fls on:":2.2,"+\/-":-2.3,"GW":3.0,"GP":10.0},"M. Anabo":{"TEAM":"AdU","MINS":13.4183333333,"FGM":0.9,"FGA":3.5,"FG%":25.7142857143,"2PM":0.4,"2PA":1.0,"2P%":40.0,"3PM":0.5,"3PA":2.5,"3P%":20.0,"FTM":0.7,"FTA":1.4,"FT%":50.0,"PTS":3.0,"OFF":0.2,"DEF":2.1,"REB":2.3,"AST":1.0,"TO":0.4,"STL":0.4,"BLK":0.0,"STK":0.4,"PF":0.8,"Fls on:":1.2,"+\/-":-1.7,"GW":3.0,"GP":10.0},"E. Ramos":{"TEAM":"AdU","MINS":8.9592592593,"FGM":0.7777777778,"FGA":2.7777777778,"FG%":28.0,"2PM":0.6666666667,"2PA":2.3333333333,"2P%":28.5714285714,"3PM":0.1111111111,"3PA":0.4444444444,"3P%":25.0,"FTM":0.3333333333,"FTA":0.8888888889,"FT%":37.5,"PTS":2.0,"OFF":0.6666666667,"DEF":1.0,"REB":1.6666666667,"AST":0.2222222222,"TO":0.4444444444,"STL":0.2222222222,"BLK":0.1111111111,"STK":0.3333333333,"PF":1.4444444444,"Fls on:":1.6666666667,"+\/-":-4.5555555556,"GW":3.0,"GP":9.0},"M. Barasi Jr":{"TEAM":"AdU","MINS":10.2666666667,"FGM":0.2222222222,"FGA":1.4444444444,"FG%":15.3846153846,"2PM":0.2222222222,"2PA":1.4444444444,"2P%":15.3846153846,"3PM":0.0,"3PA":0.0,"3P%":0.0,"FTM":0.7777777778,"FTA":1.0,"FT%":77.7777777778,"PTS":1.2222222222,"OFF":0.4444444444,"DEF":1.3333333333,"REB":1.7777777778,"AST":0.4444444444,"TO":0.4444444444,"STL":0.1111111111,"BLK":0.1111111111,"STK":0.2222222222,"PF":1.4444444444,"Fls on:":1.1111111111,"+\/-":-1.8888888889,"GW":3.0,"GP":9.0},"C. Alexander":{"TEAM":"AdU","MINS":8.175,"FGM":0.25,"FGA":1.0,"FG%":25.0,"2PM":0.0,"2PA":0.125,"2P%":0.0,"3PM":0.25,"3PA":0.875,"3P%":28.5714285714,"FTM":0.125,"FTA":0.25,"FT%":50.0,"PTS":0.875,"OFF":0.375,"DEF":0.625,"REB":1.0,"AST":0.75,"TO":1.5,"STL":0.125,"BLK":0.0,"STK":0.125,"PF":1.125,"Fls on:":0.125,"+\/-":0.25,"GW":2.0,"GP":8.0},"A. Ignacio":{"TEAM":"AdU","MINS":2.4071428571,"FGM":0.1428571429,"FGA":0.4285714286,"FG%":33.3333333333,"2PM":0.1428571429,"2PA":0.4285714286,"2P%":33.3333333333,"3PM":0.0,"3PA":0.0,"3P%":0.0,"FTM":0.2857142857,"FTA":0.2857142857,"FT%":100.0,"PTS":0.5714285714,"OFF":0.2857142857,"DEF":0.0,"REB":0.2857142857,"AST":0.0,"TO":0.1428571429,"STL":0.0,"BLK":0.0,"STK":0.0,"PF":0.7142857143,"Fls on:":0.1428571429,"+\/-":-3.0,"GW":3.0,"GP":7.0},"F. Dignadice":{"TEAM":"AdU","MINS":1.8972222222,"FGM":0.1666666667,"FGA":0.6666666667,"FG%":25.0,"2PM":0.1666666667,"2PA":0.3333333333,"2P%":50.0,"3PM":0.0,"3PA":0.3333333333,"3P%":0.0,"FTM":0.0,"FTA":0.3333333333,"FT%":0.0,"PTS":0.3333333333,"OFF":0.1666666667,"DEF":0.1666666667,"REB":0.3333333333,"AST":0.0,"TO":0.0,"STL":0.0,"BLK":0.0,"STK":0.0,"PF":0.6666666667,"Fls on:":0.5,"+\/-":-1.8333333333,"GW":2.0,"GP":6.0},"J. Barcelona":{"TEAM":"AdU","MINS":3.4125,"FGM":0.0,"FGA":0.75,"FG%":0.0,"2PM":0.0,"2PA":0.5,"2P%":0.0,"3PM":0.0,"3PA":0.25,"3P%":0.0,"FTM":0.0,"FTA":0.0,"FT%":0.0,"PTS":0.0,"OFF":0.5,"DEF":0.25,"REB":0.75,"AST":0.25,"TO":0.75,"STL":0.0,"BLK":0.0,"STK":0.0,"PF":0.25,"Fls on:":0.25,"+\/-":-3.0,"GW":1.0,"GP":4.0},"A. Ronzone":{"TEAM":"AdU","MINS":4.3777777778,"FGM":0.0,"FGA":0.5,"FG%":0.0,"2PM":0.0,"2PA":0.5,"2P%":0.0,"3PM":0.0,"3PA":0.0,"3P%":0.0,"FTM":0.0,"FTA":0.3333333333,"FT%":0.0,"PTS":0.0,"OFF":0.0,"DEF":0.6666666667,"REB":0.6666666667,"AST":0.5,"TO":0.1666666667,"STL":0.1666666667,"BLK":0.0,"STK":0.1666666667,"PF":0.5,"Fls on:":0.1666666667,"+\/-":-1.0,"GW":2.0,"GP":6.0}}