{"M. Montebon":{"TEAM":"AdU","MINS":21.8466666667,"FGM":4.6689044858,"FGA":12.4961855356,"FG%":37.3626373626,"2PM":2.7464144034,"2PA":6.5913945682,"2P%":41.6666666667,"3PM":1.9224900824,"3PA":5.9047909673,"3P%":32.5581395349,"FTM":3.2956972841,"FTA":4.3942630455,"FT%":75.0,"PTS":14.5559963381,"OFF":0.4119621605,"DEF":3.4330180043,"REB":3.8449801648,"AST":3.4330180043,"TO":3.1583765639,"STL":1.7851693622,"BLK":0.2746414403,"STK":2.0598108026,"PF":2.1971315227,"Fls on:":3.5703387244,"+\/-":-5.630149527,"GW":3.0,"GP":10.0},"C. Manzano":{"TEAM":"AdU","MINS":22.84,"FGM":4.0718038529,"FGA":10.2451838879,"FG%":39.7435897436,"2PM":4.0718038529,"2PA":10.2451838879,"2P%":39.7435897436,"3PM":0.0,"3PA":0.0,"3P%":0.0,"FTM":3.9404553415,"FTA":5.3852889667,"FT%":73.1707317073,"PTS":12.0840630473,"OFF":4.5971978984,"DEF":5.3852889667,"REB":9.9824868651,"AST":2.3642732049,"TO":3.5464098074,"STL":0.9194395797,"BLK":1.1821366025,"STK":2.1015761821,"PF":3.8091068301,"Fls on:":4.8598949212,"+\/-":0.0,"GW":3.0,"GP":10.0},"A. Fransman":{"TEAM":"AdU","MINS":18.46,"FGM":4.0628385699,"FGA":12.1885157096,"FG%":33.3333333333,"2PM":2.2751895991,"2PA":6.8255687974,"2P%":33.3333333333,"3PM":1.7876489707,"3PA":5.3629469122,"3P%":33.3333333333,"FTM":1.4626218852,"FTA":1.625135428,"FT%":90.0,"PTS":11.3759479957,"OFF":1.9501625135,"DEF":8.2881906826,"REB":10.2383531961,"AST":1.1375947996,"TO":2.2751895991,"STL":1.625135428,"BLK":0.6500541712,"STK":2.2751895991,"PF":1.9501625135,"Fls on:":2.1126760563,"+\/-":-9.4257854821,"GW":3.0,"GP":10.0},"M. Erolon":{"TEAM":"AdU","MINS":16.6907407407,"FGM":4.3936536115,"FGA":11.7829801398,"FG%":37.2881355932,"2PM":2.5962498613,"2PA":6.1910573616,"2P%":41.935483871,"3PM":1.7974037501,"3PA":5.5919227782,"3P%":32.1428571429,"FTM":0.3994230556,"FTA":0.5991345834,"FT%":66.6666666667,"PTS":10.9841340286,"OFF":0.1997115278,"DEF":2.1968268057,"REB":2.3965383335,"AST":4.5933651392,"TO":2.5962498613,"STL":1.7974037501,"BLK":0.0,"STK":1.7974037501,"PF":2.1968268057,"Fls on:":2.5962498613,"+\/-":0.7988461112,"GW":3.0,"GP":9.0},"R. Mantua":{"TEAM":"AdU","MINS":16.2966666667,"FGM":3.1294743301,"FGA":8.6520760892,"FG%":36.170212766,"2PM":1.840867253,"2PA":5.3385150338,"2P%":34.4827586207,"3PM":1.2886070771,"3PA":3.3135610554,"3P%":38.8888888889,"FTM":2.0249539783,"FTA":2.2090407036,"FT%":91.6666666667,"PTS":9.5725097157,"OFF":0.5522601759,"DEF":2.5772141542,"REB":3.1294743301,"AST":2.0249539783,"TO":2.7613008795,"STL":0.5522601759,"BLK":0.1840867253,"STK":0.7363469012,"PF":3.3135610554,"Fls on:":2.0249539783,"+\/-":-6.9952955615,"GW":3.0,"GP":10.0},"J. Yerro":{"TEAM":"AdU","MINS":21.5,"FGM":2.6511627907,"FGA":8.6511627907,"FG%":30.6451612903,"2PM":1.8139534884,"2PA":4.6046511628,"2P%":39.3939393939,"3PM":0.8372093023,"3PA":4.0465116279,"3P%":20.6896551724,"FTM":1.5348837209,"FTA":2.0930232558,"FT%":73.3333333333,"PTS":7.6744186047,"OFF":0.8372093023,"DEF":2.7906976744,"REB":3.6279069767,"AST":1.9534883721,"TO":2.7906976744,"STL":0.976744186,"BLK":0.0,"STK":0.976744186,"PF":3.3488372093,"Fls on:":1.9534883721,"+\/-":-5.1627906977,"GW":3.0,"GP":10.0},"A. Ignacio":{"TEAM":"AdU","MINS":2.4071428571,"FGM":1.7804154303,"FGA":5.3412462908,"FG%":33.3333333333,"2PM":1.7804154303,"2PA":5.3412462908,"2P%":33.3333333333,"3PM":0.0,"3PA":0.0,"3P%":0.0,"FTM":3.5608308605,"FTA":3.5608308605,"FT%":100.0,"PTS":7.1216617211,"OFF":3.5608308605,"DEF":0.0,"REB":3.5608308605,"AST":0.0,"TO":1.7804154303,"STL":0.0,"BLK":0.0,"STK":0.0,"PF":8.9020771513,"Fls on:":1.7804154303,"+\/-":-37.3887240356,"GW":3.0,"GP":7.0},"J. Calisay":{"TEAM":"AdU","MINS":18.9233333333,"FGM":2.378016558,"FGA":9.1949973578,"FG%":25.8620689655,"2PM":0.9512066232,"2PA":4.2804298045,"2P%":22.2222222222,"3PM":1.4268099348,"3PA":4.9145675533,"3P%":29.0322580645,"FTM":0.6341377488,"FTA":1.4268099348,"FT%":44.4444444444,"PTS":6.8169807997,"OFF":0.9512066232,"DEF":5.3901708649,"REB":6.3413774881,"AST":2.2194821208,"TO":1.7438788092,"STL":1.1097410604,"BLK":0.1585344372,"STK":1.2682754976,"PF":2.5365509952,"Fls on:":1.4268099348,"+\/-":-1.4268099348,"GW":3.0,"GP":10.0},"M. Anabo":{"TEAM":"AdU","MINS":13.4183333333,"FGM":2.0121724009,"FGA":7.8251148926,"FG%":25.7142857143,"2PM":0.8942988449,"2PA":2.2357471122,"2P%":40.0,"3PM":1.1178735561,"3PA":5.5893677804,"3P%":20.0,"FTM":1.5650229785,"FTA":3.130045957,"FT%":50.0,"PTS":6.7072413365,"OFF":0.4471494224,"DEF":4.6950689355,"REB":5.142218358,"AST":2.2357471122,"TO":0.8942988449,"STL":0.8942988449,"BLK":0.0,"STK":0.8942988449,"PF":1.7885976897,"Fls on:":2.6828965346,"+\/-":-3.8007700907,"GW":3.0,"GP":10.0},"E. Ramos":{"TEAM":"AdU","MINS":8.9592592593,"FGM":2.604381976,"FGA":9.3013642001,"FG%":28.0,"2PM":2.232327408,"2PA":7.8131459281,"2P%":28.5714285714,"3PM":0.372054568,"3PA":1.488218272,"3P%":25.0,"FTM":1.116163704,"FTA":2.976436544,"FT%":37.5,"PTS":6.6969822241,"OFF":2.232327408,"DEF":3.348491112,"REB":5.5808185201,"AST":0.744109136,"TO":1.488218272,"STL":0.744109136,"BLK":0.372054568,"STK":1.116163704,"PF":4.836709384,"Fls on:":5.5808185201,"+\/-":-15.2542372881,"GW":3.0,"GP":9.0},"F. Dignadice":{"TEAM":"AdU","MINS":1.8972222222,"FGM":2.635431918,"FGA":10.541727672,"FG%":25.0,"2PM":2.635431918,"2PA":5.270863836,"2P%":50.0,"3PM":0.0,"3PA":5.270863836,"3P%":0.0,"FTM":0.0,"FTA":5.270863836,"FT%":0.0,"PTS":5.270863836,"OFF":2.635431918,"DEF":2.635431918,"REB":5.270863836,"AST":0.0,"TO":0.0,"STL":0.0,"BLK":0.0,"STK":0.0,"PF":10.541727672,"Fls on:":7.906295754,"+\/-":-28.9897510979,"GW":2.0,"GP":6.0},"M. Ojarikre":{"TEAM":"AdU","MINS":23.4316666667,"FGM":2.0485098513,"FGA":4.4811152998,"FG%":45.7142857143,"2PM":2.0485098513,"2PA":4.4811152998,"2P%":45.7142857143,"3PM":0.0,"3PA":0.0,"3P%":0.0,"FTM":1.1522867914,"FTA":3.3288285084,"FT%":34.6153846154,"PTS":5.2493064941,"OFF":4.7371790312,"DEF":7.5538800768,"REB":12.291059108,"AST":0.1280318657,"TO":2.4326054485,"STL":0.2560637314,"BLK":3.4568603741,"STK":3.7129241056,"PF":2.3045735828,"Fls on:":2.8167010456,"+\/-":-2.9447329113,"GW":3.0,"GP":10.0},"M. Barasi Jr":{"TEAM":"AdU","MINS":10.2666666667,"FGM":0.6493506494,"FGA":4.2207792208,"FG%":15.3846153846,"2PM":0.6493506494,"2PA":4.2207792208,"2P%":15.3846153846,"3PM":0.0,"3PA":0.0,"3P%":0.0,"FTM":2.2727272727,"FTA":2.9220779221,"FT%":77.7777777778,"PTS":3.5714285714,"OFF":1.2987012987,"DEF":3.8961038961,"REB":5.1948051948,"AST":1.2987012987,"TO":1.2987012987,"STL":0.3246753247,"BLK":0.3246753247,"STK":0.6493506494,"PF":4.2207792208,"Fls on:":3.2467532468,"+\/-":-5.5194805195,"GW":3.0,"GP":9.0},"C. Alexander":{"TEAM":"AdU","MINS":8.175,"FGM":0.9174311927,"FGA":3.6697247706,"FG%":25.0,"2PM":0.0,"2PA":0.4587155963,"2P%":0.0,"3PM":0.9174311927,"3PA":3.2110091743,"3P%":28.5714285714,"FTM":0.4587155963,"FTA":0.9174311927,"FT%":50.0,"PTS":3.2110091743,"OFF":1.376146789,"DEF":2.2935779816,"REB":3.6697247706,"AST":2.752293578,"TO":5.504587156,"STL":0.4587155963,"BLK":0.0,"STK":0.4587155963,"PF":4.128440367,"Fls on:":0.4587155963,"+\/-":0.9174311927,"GW":2.0,"GP":8.0},"J. Barcelona":{"TEAM":"AdU","MINS":3.4125,"FGM":0.0,"FGA":6.5934065934,"FG%":0.0,"2PM":0.0,"2PA":4.3956043956,"2P%":0.0,"3PM":0.0,"3PA":2.1978021978,"3P%":0.0,"FTM":0.0,"FTA":0.0,"FT%":0.0,"PTS":0.0,"OFF":4.3956043956,"DEF":2.1978021978,"REB":6.5934065934,"AST":2.1978021978,"TO":6.5934065934,"STL":0.0,"BLK":0.0,"STK":0.0,"PF":2.1978021978,"Fls on:":2.1978021978,"+\/-":-26.3736263734,"GW":1.0,"GP":4.0},"A. Ronzone":{"TEAM":"AdU","MINS":4.3777777778,"FGM":0.0,"FGA":3.4263959391,"FG%":0.0,"2PM":0.0,"2PA":3.4263959391,"2P%":0.0,"3PM":0.0,"3PA":0.0,"3P%":0.0,"FTM":0.0,"FTA":2.2842639594,"FT%":0.0,"PTS":0.0,"OFF":0.0,"DEF":4.5685279188,"REB":4.5685279188,"AST":3.4263959391,"TO":1.1421319797,"STL":1.1421319797,"BLK":0.0,"STK":1.1421319797,"PF":3.4263959391,"Fls on:":1.1421319797,"+\/-":-6.8527918782,"GW":2.0,"GP":6.0}}