{"M. Montebon":{"TEAM":"AdU","SP":44.6,"GP":10.0,"MPG":21.8466666667,"EWA":1.0482833614,"PER":20.4647187504,"WS":0.8139927734,"OWS":0.5487673093,"DWS":0.2652254641,"EFF":8.6,"GmSc":6.48,"TS%":50.4377617054,"EFG%":45.0549450549,"PPWS":1.0087552341,"FTR":0.3516483516,"REB%":6.1501459982,"OREB%":1.3466075465,"DREB%":10.7530726352,"AR":6.4115800989,"pAST%":33.5912254743,"TOR":5.898653691,"AST\/TO":1.0869565217,"PPR":-2.9772910547,"USG%":27.8592142058,"aSP":44.049382716,"ORtg":93.2346757716,"DRtg":88.9244737643,"Floor%":40.5454363747,"Stop%":0.6195507122,"FFI":47.0913613833,"PIE":8.3281924738,"AV":1.3447902252},"C. Manzano":{"TEAM":"AdU","SP":47.2,"GP":10.0,"MPG":22.84,"EWA":1.1410982517,"PER":20.8620642992,"WS":0.762512641,"OWS":0.4383843092,"DWS":0.3241283318,"EFF":11.7,"GmSc":6.95,"TS%":47.8967097043,"EFG%":39.7435897436,"PPWS":0.9579341941,"FTR":0.5256410256,"REB%":15.9672479478,"OREB%":15.0271602007,"DREB%":16.8680744897,"AR":4.4155687532,"pAST%":21.856842181,"TOR":6.6233531298,"AST\/TO":0.6666666667,"PPR":-6.7448032904,"USG%":25.5989969668,"aSP":46.6172839506,"ORtg":90.1894922777,"DRtg":87.3958591166,"Floor%":44.1843468114,"Stop%":0.6540119845,"FFI":50.1316450397,"PIE":8.1431215299,"AV":1.6940261168},"A. Fransman":{"TEAM":"AdU","SP":37.3,"GP":10.0,"MPG":18.46,"EWA":0.6954857731,"PER":18.3927324154,"WS":0.5693792937,"OWS":0.1427449054,"DWS":0.4266343883,"EFF":8.9,"GmSc":4.97,"TS%":44.080604534,"EFG%":40.6666666667,"PPWS":0.8816120907,"FTR":0.1333333333,"REB%":16.3765128137,"OREB%":6.3746232283,"DREB%":25.960690073,"AR":2.1245971237,"pAST%":10.5079393319,"TOR":4.2491942474,"AST\/TO":0.5,"PPR":-5.1925323225,"USG%":24.0429584304,"aSP":36.8395061728,"ORtg":84.4859332518,"DRtg":80.7475491631,"Floor%":35.2744965157,"Stop%":0.8038922829,"FFI":43.4792927505,"PIE":8.5132634176,"AV":1.3798224612},"M. Ojarikre":{"TEAM":"AdU","SP":36.6,"GP":10.0,"MPG":23.4316666667,"EWA":0.6053056798,"PER":16.0123938387,"WS":0.4186033143,"OWS":-0.056013631,"DWS":0.4746169453,"EFF":11.2,"GmSc":5.51,"TS%":44.1429801895,"EFG%":45.7142857143,"PPWS":0.8828596038,"FTR":0.7428571429,"REB%":19.6598694264,"OREB%":15.4847256469,"DREB%":23.6606452522,"AR":0.2391151346,"pAST%":0.997103476,"TOR":4.5431875575,"AST\/TO":0.0526315789,"PPR":-8.0354903321,"USG%":13.2712807342,"aSP":36.1481481481,"ORtg":76.9035049951,"DRtg":82.8761371331,"Floor%":39.6168393924,"Stop%":0.75590514,"FFI":56.3897196686,"PIE":7.649599013,"AV":1.6394350745},"M. Erolon":{"TEAM":"AdU","SP":32.6666666667,"GP":9.0,"MPG":16.6907407407,"EWA":0.387033788,"PER":15.99877231,"WS":0.3476659311,"OWS":0.2158027787,"DWS":0.1318631525,"EFF":5.3333333333,"GmSc":3.7555555556,"TS%":45.5901856764,"EFG%":44.9152542373,"PPWS":0.9118037135,"FTR":0.0508474576,"REB%":3.8333255335,"OREB%":0.6528100787,"DREB%":6.8810120365,"AR":8.5786699857,"pAST%":43.7661950192,"TOR":4.8488134702,"AST\/TO":1.7692307692,"PPR":1.5952648398,"USG%":23.1940752382,"aSP":32.2633744856,"ORtg":88.7553770538,"DRtg":91.4303413867,"Floor%":37.3640654201,"Stop%":0.5630581314,"FFI":42.6471722075,"PIE":4.5033929673,"AV":0.8683836407},"R. Mantua":{"TEAM":"AdU","SP":22.6,"GP":10.0,"MPG":16.2966666667,"EWA":-0.1044896125,"PER":9.5312449097,"WS":0.1959740281,"OWS":0.139749008,"DWS":0.05622502,"EFF":3.8,"GmSc":2.1,"TS%":49.7322111706,"EFG%":43.6170212766,"PPWS":0.9946442234,"FTR":0.2553191489,"REB%":5.005675765,"OREB%":1.8052088074,"DREB%":8.0724805295,"AR":3.781848686,"pAST%":17.2198536602,"TOR":5.15706639,"AST\/TO":0.7333333333,"PPR":-4.8314993721,"USG%":19.6182347183,"aSP":22.3209876543,"ORtg":86.063528201,"DRtg":95.4015033397,"Floor%":36.1972961521,"Stop%":0.4735317792,"FFI":45.3483709087,"PIE":2.2208513263,"AV":0.7288168465},"M. Anabo":{"TEAM":"AdU","SP":20.3,"GP":10.0,"MPG":13.4183333333,"EWA":-0.0960727857,"PER":9.3808771639,"WS":0.1776582144,"OWS":0.0511257966,"DWS":0.1265324178,"EFF":3.0,"GmSc":1.78,"TS%":36.443148688,"EFG%":32.8571428571,"PPWS":0.7288629738,"FTR":0.4,"REB%":8.2251123024,"OREB%":1.4616264414,"DREB%":14.7061323967,"AR":4.1755305893,"pAST%":17.3627113267,"TOR":1.6702122357,"AST\/TO":2.5,"PPR":2.0410060154,"USG%":15.9929317173,"aSP":20.049382716,"ORtg":83.0972951766,"DRtg":90.9446742949,"Floor%":36.7660866182,"Stop%":0.5740070687,"FFI":44.0176293722,"PIE":2.5909932141,"AV":0.6104100091},"J. Calisay":{"TEAM":"AdU","SP":28.6,"GP":10.0,"MPG":18.9233333333,"EWA":-0.2472935918,"PER":8.1932951237,"WS":0.1105038345,"OWS":-0.1298828243,"DWS":0.2403866588,"EFF":4.6,"GmSc":2.09,"TS%":34.6998063267,"EFG%":33.6206896552,"PPWS":0.6939961265,"FTR":0.1551724138,"REB%":10.1431985888,"OREB%":3.1092710444,"DREB%":16.8833658181,"AR":4.145153733,"pAST%":17.7404265837,"TOR":3.2569065045,"AST\/TO":1.2727272727,"PPR":-0.9045347141,"USG%":18.3214529576,"aSP":28.2469135802,"ORtg":73.5720729379,"DRtg":88.5049529535,"Floor%":30.4478561632,"Stop%":0.6290084398,"FFI":40.5834896517,"PIE":3.2695866749,"AV":0.8411028006},"A. Ignacio":{"TEAM":"AdU","SP":8.0,"GP":7.0,"MPG":2.4071428571,"EWA":-0.0523549118,"PER":4.5746959775,"WS":0.0227458759,"OWS":0.0306949399,"DWS":-0.007949064,"EFF":0.4285714286,"GmSc":0.1,"TS%":51.5463917526,"EFG%":33.3333333333,"PPWS":1.0309278351,"FTR":0.6666666667,"REB%":5.6956417793,"OREB%":11.639519762,"DREB%":0.0,"AR":0.0,"pAST%":0.0,"TOR":3.3251431033,"AST\/TO":0.0,"PPR":-6.0950072068,"USG%":13.762351404,"aSP":7.9012345679,"ORtg":98.6675956788,"DRtg":101.4890377144,"Floor%":44.1872374933,"Stop%":0.3362936728,"FFI":49.8299515099,"PIE":-0.3701418877,"AV":0.1085479551},"M. Barasi Jr":{"TEAM":"AdU","SP":13.0,"GP":9.0,"MPG":10.2666666667,"EWA":-0.3423628741,"PER":3.3724959211,"WS":0.0093628672,"OWS":-0.0433581111,"DWS":0.0527209783,"EFF":1.7777777778,"GmSc":0.4,"TS%":32.429245283,"EFG%":15.3846153846,"PPWS":0.6485849057,"FTR":0.6923076923,"REB%":8.3092263187,"OREB%":4.2451495236,"DREB%":12.2035736885,"AR":2.4254831728,"pAST%":9.1203891366,"TOR":2.4254831728,"AST\/TO":1.0,"PPR":-1.4819750568,"USG%":10.7793365878,"aSP":12.8395061728,"ORtg":72.9584260932,"DRtg":93.7203212344,"Floor%":35.0600146053,"Stop%":0.5114325506,"FFI":41.78112065,"PIE":0.0616903146,"AV":0.380952381},"F. Dignadice":{"TEAM":"AdU","SP":6.3333333333,"GP":6.0,"MPG":1.8972222222,"EWA":-0.103659536,"PER":-7.4835725327,"WS":-0.0368174738,"OWS":-0.0386659879,"DWS":0.0018485141,"EFF":-0.1666666667,"GmSc":-0.3,"TS%":20.4918032787,"EFG%":25.0,"PPWS":0.4098360656,"FTR":0.5,"REB%":8.4308840978,"OREB%":8.6146079644,"DREB%":8.2548331538,"AR":0.0,"pAST%":0.0,"TOR":0.0,"AST\/TO":null,"PPR":0.0,"USG%":20.3715040547,"aSP":6.2551440329,"ORtg":52.5539027045,"DRtg":96.7626250388,"Floor%":25.8465358104,"Stop%":0.4428464881,"FFI":44.2229215929,"PIE":-0.6785934608,"AV":null},"J. Yerro":{"TEAM":"AdU","SP":27.1,"GP":10.0,"MPG":21.5,"EWA":-0.5577070798,"PER":5.6060873005,"WS":-0.0475783577,"OWS":-0.1736372267,"DWS":0.126058869,"EFF":3.5,"GmSc":1.5,"TS%":40.0874635569,"EFG%":35.4838709677,"PPWS":0.8017492711,"FTR":0.2419354839,"REB%":5.8029317756,"OREB%":2.7366405766,"DREB%":8.7411644094,"AR":3.6483779445,"pAST%":15.9628378378,"TOR":5.2119684922,"AST\/TO":0.7,"PPR":-5.0952370325,"USG%":19.5824933612,"aSP":26.7654320988,"ORtg":73.1159195059,"DRtg":93.6029553976,"Floor%":32.6165229917,"Stop%":0.5140784601,"FFI":42.0669166374,"PIE":0.9870450339,"AV":0.6852226948},"E. Ramos":{"TEAM":"AdU","SP":13.8888888889,"GP":9.0,"MPG":8.9592592593,"EWA":-0.2797150393,"PER":3.8473597055,"WS":-0.0528829775,"OWS":-0.1092635207,"DWS":0.0563805431,"EFF":1.2222222222,"GmSc":0.3444444444,"TS%":31.556802244,"EFG%":30.0,"PPWS":0.6311360449,"FTR":0.32,"REB%":8.9266646944,"OREB%":7.2969539972,"DREB%":10.4883132279,"AR":1.3897146248,"pAST%":6.0572975479,"TOR":2.7794292496,"AST\/TO":0.5,"PPR":-3.3964736316,"USG%":19.1649923083,"aSP":13.7174211248,"ORtg":68.3559197307,"DRtg":92.7614777781,"Floor%":33.6045429022,"Stop%":0.5330488327,"FFI":42.564533487,"PIE":-0.6785934608,"AV":0.2876240645},"A. Ronzone":{"TEAM":"AdU","SP":8.8333333333,"GP":6.0,"MPG":4.3777777778,"EWA":-0.1545858114,"PER":-1.0093457171,"WS":-0.0551588649,"OWS":-0.0836262359,"DWS":0.028467371,