{"H. Agunanne":{"TEAM":"DLSU","MINS":157.3333333333,"FGM":23.0,"FGA":55.0,"FG%":41.8181818182,"2PM":22.0,"2PA":50.0,"2P%":44.0,"3PM":1.0,"3PA":5.0,"3P%":20.0,"FTM":9.0,"FTA":20.0,"FT%":45.0,"PTS":56.0,"OFF":24.0,"DEF":35.0,"REB":59.0,"AST":5.0,"TO":26.0,"STL":4.0,"BLK":5.0,"STK":9.0,"PF":22.0,"Fls on:":21.0,"+\/-":25.0,"GW":10.0,"GP":11.0},"V. David":{"TEAM":"DLSU","MINS":236.6333333333,"FGM":23.0,"FGA":60.0,"FG%":38.3333333333,"2PM":9.0,"2PA":24.0,"2P%":37.5,"3PM":14.0,"3PA":36.0,"3P%":38.8888888889,"FTM":6.0,"FTA":8.0,"FT%":75.0,"PTS":66.0,"OFF":12.0,"DEF":52.0,"REB":64.0,"AST":49.0,"TO":19.0,"STL":10.0,"BLK":0.0,"STK":10.0,"PF":18.0,"Fls on:":9.0,"+\/-":122.0,"GW":10.0,"GP":11.0},"E. Abadam":{"TEAM":"DLSU","MINS":150.3833333332,"FGM":15.0,"FGA":44.0,"FG%":34.0909090909,"2PM":10.0,"2PA":22.0,"2P%":45.4545454545,"3PM":5.0,"3PA":22.0,"3P%":22.7272727273,"FTM":6.0,"FTA":11.0,"FT%":54.5454545455,"PTS":41.0,"OFF":7.0,"DEF":11.0,"REB":18.0,"AST":10.0,"TO":9.0,"STL":3.0,"BLK":1.0,"STK":4.0,"PF":17.0,"Fls on:":8.0,"+\/-":68.0,"GW":8.0,"GP":9.0},"E. Gollena":{"TEAM":"DLSU","MINS":179.4333333333,"FGM":20.0,"FGA":46.0,"FG%":43.4782608696,"2PM":12.0,"2PA":25.0,"2P%":48.0,"3PM":8.0,"3PA":21.0,"3P%":38.0952380952,"FTM":21.0,"FTA":26.0,"FT%":80.7692307692,"PTS":69.0,"OFF":13.0,"DEF":12.0,"REB":25.0,"AST":9.0,"TO":8.0,"STL":6.0,"BLK":1.0,"STK":7.0,"PF":20.0,"Fls on:":22.0,"+\/-":67.0,"GW":10.0,"GP":11.0},"K. Quiambao":{"TEAM":"DLSU","MINS":329.3166666668,"FGM":69.0,"FGA":165.0,"FG%":41.8181818182,"2PM":41.0,"2PA":89.0,"2P%":46.0674157303,"3PM":28.0,"3PA":76.0,"3P%":36.8421052632,"FTM":38.0,"FTA":49.0,"FT%":77.5510204082,"PTS":204.0,"OFF":17.0,"DEF":79.0,"REB":96.0,"AST":48.0,"TO":37.0,"STL":11.0,"BLK":3.0,"STK":14.0,"PF":13.0,"Fls on:":48.0,"+\/-":139.0,"GW":10.0,"GP":11.0},"E. Alian":{"TEAM":"DLSU","MINS":12.6666666667,"FGM":1.0,"FGA":1.0,"FG%":100.0,"2PM":1.0,"2PA":1.0,"2P%":100.0,"3PM":0.0,"3PA":0.0,"3P%":0.0,"FTM":0.0,"FTA":0.0,"FT%":0.0,"PTS":2.0,"OFF":1.0,"DEF":1.0,"REB":2.0,"AST":4.0,"TO":4.0,"STL":0.0,"BLK":0.0,"STK":0.0,"PF":2.0,"Fls on:":2.0,"+\/-":9.0,"GW":2.0,"GP":2.0},"M. Rubico":{"TEAM":"DLSU","MINS":18.6333333332,"FGM":1.0,"FGA":3.0,"FG%":33.3333333333,"2PM":0.0,"2PA":1.0,"2P%":0.0,"3PM":1.0,"3PA":2.0,"3P%":50.0,"FTM":0.0,"FTA":0.0,"FT%":0.0,"PTS":3.0,"OFF":0.0,"DEF":2.0,"REB":2.0,"AST":2.0,"TO":5.0,"STL":1.0,"BLK":0.0,"STK":1.0,"PF":4.0,"Fls on:":1.0,"+\/-":-2.0,"GW":5.0,"GP":5.0},"M. Phillips":{"TEAM":"DLSU","MINS":251.5166666666,"FGM":43.0,"FGA":100.0,"FG%":43.0,"2PM":40.0,"2PA":84.0,"2P%":47.619047619,"3PM":3.0,"3PA":16.0,"3P%":18.75,"FTM":30.0,"FTA":55.0,"FT%":54.5454545455,"PTS":119.0,"OFF":48.0,"DEF":79.0,"REB":127.0,"AST":27.0,"TO":30.0,"STL":17.0,"BLK":12.0,"STK":29.0,"PF":27.0,"Fls on:":46.0,"+\/-":54.0,"GW":10.0,"GP":11.0},"L. Ramiro":{"TEAM":"DLSU","MINS":167.3666666668,"FGM":9.0,"FGA":37.0,"FG%":24.3243243243,"2PM":3.0,"2PA":18.0,"2P%":16.6666666667,"3PM":6.0,"3PA":19.0,"3P%":31.5789473684,"FTM":1.0,"FTA":2.0,"FT%":50.0,"PTS":25.0,"OFF":2.0,"DEF":24.0,"REB":26.0,"AST":21.0,"TO":12.0,"STL":3.0,"BLK":4.0,"STK":7.0,"PF":18.0,"Fls on:":10.0,"+\/-":9.0,"GW":10.0,"GP":11.0},"R. Gonzales":{"TEAM":"DLSU","MINS":126.4666666666,"FGM":25.0,"FGA":41.0,"FG%":60.9756097561,"2PM":23.0,"2PA":38.0,"2P%":60.5263157895,"3PM":2.0,"3PA":3.0,"3P%":66.6666666667,"FTM":8.0,"FTA":10.0,"FT%":80.0,"PTS":60.0,"OFF":12.0,"DEF":21.0,"REB":33.0,"AST":10.0,"TO":11.0,"STL":11.0,"BLK":6.0,"STK":17.0,"PF":15.0,"Fls on:":6.0,"+\/-":46.0,"GW":10.0,"GP":11.0},"D. Dungo":{"TEAM":"DLSU","MINS":100.1999999999,"FGM":11.0,"FGA":30.0,"FG%":36.6666666667,"2PM":3.0,"2PA":9.0,"2P%":33.3333333333,"3PM":8.0,"3PA":21.0,"3P%":38.0952380952,"FTM":11.0,"FTA":12.0,"FT%":91.6666666667,"PTS":41.0,"OFF":4.0,"DEF":9.0,"REB":13.0,"AST":12.0,"TO":10.0,"STL":1.0,"BLK":0.0,"STK":1.0,"PF":9.0,"Fls on:":10.0,"+\/-":5.0,"GW":9.0,"GP":10.0},"C. Austria":{"TEAM":"DLSU","MINS":111.3999999998,"FGM":10.0,"FGA":29.0,"FG%":34.4827586207,"2PM":9.0,"2PA":20.0,"2P%":45.0,"3PM":1.0,"3PA":9.0,"3P%":11.1111111111,"FTM":6.0,"FTA":8.0,"FT%":75.0,"PTS":27.0,"OFF":8.0,"DEF":8.0,"REB":16.0,"AST":19.0,"TO":17.0,"STL":1.0,"BLK":1.0,"STK":2.0,"PF":8.0,"Fls on:":8.0,"+\/-":9.0,"GW":7.0,"GP":7.0},"J. Macalalag":{"TEAM":"DLSU","MINS":218.4500000001,"FGM":28.0,"FGA":63.0,"FG%":44.4444444444,"2PM":19.0,"2PA":40.0,"2P%":47.5,"3PM":9.0,"3PA":23.0,"3P%":39.1304347826,"FTM":6.0,"FTA":10.0,"FT%":60.0,"PTS":71.0,"OFF":11.0,"DEF":13.0,"REB":24.0,"AST":14.0,"TO":9.0,"STL":4.0,"BLK":4.0,"STK":8.0,"PF":15.0,"Fls on:":11.0,"+\/-":96.0,"GW":10.0,"GP":11.0},"A. Konov":{"TEAM":"DLSU","MINS":33.6666666667,"FGM":2.0,"FGA":7.0,"FG%":28.5714285714,"2PM":0.0,"2PA":1.0,"2P%":0.0,"3PM":2.0,"3PA":6.0,"3P%":33.3333333333,"FTM":0.0,"FTA":0.0,"FT%":0.0,"PTS":6.0,"OFF":2.0,"DEF":4.0,"REB":6.0,"AST":2.0,"TO":3.0,"STL":0.0,"BLK":0.0,"STK":0.0,"PF":4.0,"Fls on:":2.0,"+\/-":-7.0,"GW":6.0,"GP":6.0},"V. Marasigan":{"TEAM":"DLSU","MINS":125.4666666666,"FGM":20.0,"FGA":49.0,"FG%":40.8163265306,"2PM":15.0,"2PA":36.0,"2P%":41.6666666667,"3PM":5.0,"3PA":13.0,"3P%":38.4615384615,"FTM":12.0,"FTA":19.0,"FT%":63.1578947368,"PTS":57.0,"OFF":9.0,"DEF":18.0,"REB":27.0,"AST":5.0,"TO":10.0,"STL":5.0,"BLK":1.0,"STK":6.0,"PF":27.0,"Fls on:":19.0,"+\/-":45.0,"GW":10.0,"GP":11.0},"I. Phillips":{"TEAM":"DLSU","MINS":5.0333333333,"FGM":1.0,"FGA":1.0,"FG%":100.0,"2PM":0.0,"2PA":0.0,"2P%":0.0,"3PM":1.0,"3PA":1.0,"3P%":100.0,"FTM":0.0,"FTA":0.0,"FT%":0.0,"PTS":3.0,"OFF":0.0,"DEF":1.0,"REB":1.0,"AST":0.0,"TO":0.0,"STL":0.0,"BLK":0.0,"STK":0.0,"PF":1.0,"Fls on:":0.0,"+\/-":0.0,"GW":1.0,"GP":1.0}}