{"K. Quiambao":{"TEAM":"DLSU","MINS":29.9378787879,"FGM":6.2857432056,"FGA":15.0311250569,"FG%":41.8181818182,"2PM":3.7350068323,"2PA":8.107697758,"2P%":46.0674157303,"3PM":2.5507363733,"3PA":6.9234272989,"3P%":36.8421052632,"FTM":3.4617136495,"FTA":4.4637886533,"FT%":77.5510204082,"PTS":18.583936434,"OFF":1.5486613695,"DEF":7.1967204818,"REB":8.7453818513,"AST":4.3726909257,"TO":3.3706159219,"STL":1.0020750038,"BLK":0.2732931829,"STK":1.2753681866,"PF":1.184270459,"Fls on:":4.3726909257,"+\/-":12.6625841389,"GW":10.0,"GP":11.0},"I. Phillips":{"TEAM":"DLSU","MINS":5.0333333333,"FGM":5.9602649007,"FGA":5.9602649007,"FG%":100.0,"2PM":0.0,"2PA":0.0,"2P%":0.0,"3PM":5.9602649007,"3PA":5.9602649007,"3P%":100.0,"FTM":0.0,"FTA":0.0,"FT%":0.0,"PTS":17.8807947021,"OFF":0.0,"DEF":5.9602649007,"REB":5.9602649007,"AST":0.0,"TO":0.0,"STL":0.0,"BLK":0.0,"STK":0.0,"PF":5.9602649007,"Fls on:":0.0,"+\/-":0.0,"GW":1.0,"GP":1.0},"R. Gonzales":{"TEAM":"DLSU","MINS":11.496969697,"FGM":5.930416447,"FGA":9.7258829731,"FG%":60.9756097561,"2PM":5.4559831313,"2PA":9.0142329995,"2P%":60.5263157895,"3PM":0.4744333158,"3PA":0.7116499736,"3P%":66.6666666667,"FTM":1.897733263,"FTA":2.3721665788,"FT%":80.0,"PTS":14.2329994729,"OFF":2.8465998946,"DEF":4.9815498155,"REB":7.8281497101,"AST":2.3721665788,"TO":2.6093832367,"STL":2.6093832367,"BLK":1.4232999473,"STK":4.032683184,"PF":3.5582498682,"Fls on:":1.4232999473,"+\/-":10.9119662625,"GW":10.0,"GP":11.0},"M. Phillips":{"TEAM":"DLSU","MINS":22.8651515151,"FGM":5.1288847658,"FGA":11.9276389901,"FG%":43.0,"2PM":4.7710555961,"2PA":10.0192167517,"2P%":47.619047619,"3PM":0.3578291697,"3PA":1.9084222384,"3P%":18.75,"FTM":3.578291697,"FTA":6.5602014446,"FT%":54.5454545455,"PTS":14.1938903983,"OFF":5.7252667153,"DEF":9.4228348022,"REB":15.1481015175,"AST":3.2204625273,"TO":3.578291697,"STL":2.0276986283,"BLK":1.4313166788,"STK":3.4590153071,"PF":3.2204625273,"Fls on:":5.4867139355,"+\/-":6.4409250547,"GW":10.0,"GP":11.0},"V. Marasigan":{"TEAM":"DLSU","MINS":11.4060606061,"FGM":4.7821466525,"FGA":11.7162592986,"FG%":40.8163265306,"2PM":3.5866099894,"2PA":8.6078639745,"2P%":41.6666666667,"3PM":1.1955366631,"3PA":3.1083953241,"3P%":38.4615384615,"FTM":2.8692879915,"FTA":4.5430393199,"FT%":63.1578947368,"PTS":13.6291179596,"OFF":2.1519659936,"DEF":4.3039319872,"REB":6.4558979809,"AST":1.1955366631,"TO":2.3910733262,"STL":1.1955366631,"BLK":0.2391073326,"STK":1.4346439957,"PF":6.4558979809,"Fls on:":4.5430393199,"+\/-":10.7598299681,"GW":10.0,"GP":11.0},"D. Dungo":{"TEAM":"DLSU","MINS":10.02,"FGM":3.2934131737,"FGA":8.9820359282,"FG%":36.6666666667,"2PM":0.8982035928,"2PA":2.6946107784,"2P%":33.3333333333,"3PM":2.3952095808,"3PA":6.2874251497,"3P%":38.0952380952,"FTM":3.2934131737,"FTA":3.5928143713,"FT%":91.6666666667,"PTS":12.2754491018,"OFF":1.1976047904,"DEF":2.6946107784,"REB":3.8922155689,"AST":3.5928143713,"TO":2.9940119761,"STL":0.2994011976,"BLK":0.0,"STK":0.2994011976,"PF":2.6946107784,"Fls on:":2.9940119761,"+\/-":1.497005988,"GW":9.0,"GP":10.0},"E. Gollena":{"TEAM":"DLSU","MINS":16.3121212121,"FGM":3.3438603009,"FGA":7.6908786922,"FG%":43.4782608696,"2PM":2.0063161806,"2PA":4.1798253762,"2P%":48.0,"3PM":1.3375441204,"3PA":3.511053316,"3P%":38.0952380952,"FTM":3.511053316,"FTA":4.3470183912,"FT%":80.7692307692,"PTS":11.5363180383,"OFF":2.1735091956,"DEF":2.0063161806,"REB":4.1798253762,"AST":1.5047371354,"TO":1.3375441204,"STL":1.0031580903,"BLK":0.167193015,"STK":1.1703511053,"PF":3.3438603009,"Fls on:":3.678246331,"+\/-":11.2019320082,"GW":10.0,"GP":11.0},"H. Agunanne":{"TEAM":"DLSU","MINS":14.303030303,"FGM":4.3855932203,"FGA":10.4872881356,"FG%":41.8181818182,"2PM":4.1949152542,"2PA":9.5338983051,"2P%":44.0,"3PM":0.1906779661,"3PA":0.9533898305,"3P%":20.0,"FTM":1.7161016949,"FTA":3.813559322,"FT%":45.0,"PTS":10.6779661017,"OFF":4.5762711864,"DEF":6.6737288136,"REB":11.25,"AST":0.9533898305,"TO":4.9576271186,"STL":0.7627118644,"BLK":0.9533898305,"STK":1.7161016949,"PF":4.1949152542,"Fls on:":4.0042372881,"+\/-":4.7669491525,"GW":10.0,"GP":11.0},"J. Macalalag":{"TEAM":"DLSU","MINS":19.8590909091,"FGM":3.845273518,"FGA":8.6518654154,"FG%":44.4444444444,"2PM":2.6092927443,"2PA":5.4932478828,"2P%":47.5,"3PM":1.2359807736,"3PA":3.1586175326,"3P%":39.1304347826,"FTM":0.8239871824,"FTA":1.3733119707,"FT%":60.0,"PTS":9.750514992,"OFF":1.5106431678,"DEF":1.7853055619,"REB":3.2959487297,"AST":1.922636759,"TO":1.2359807736,"STL":0.5493247883,"BLK":0.5493247883,"STK":1.0986495766,"PF":2.0599679561,"Fls on:":1.5106431678,"+\/-":13.1837949187,"GW":10.0,"GP":11.0},"V. David":{"TEAM":"DLSU","MINS":21.5121212121,"FGM":2.9159036484,"FGA":7.6067051697,"FG%":38.3333333333,"2PM":1.1410057755,"2PA":3.0426820679,"2P%":37.5,"3PM":1.7748978729,"3PA":4.5640231018,"3P%":38.8888888889,"FTM":0.760670517,"FTA":1.014227356,"FT%":75.0,"PTS":8.3673756867,"OFF":1.5213410339,"DEF":6.5924778138,"REB":8.1138188477,"AST":6.2121425553,"TO":2.4087899704,"STL":1.267784195,"BLK":0.0,"STK":1.267784195,"PF":2.2820115509,"Fls on:":1.1410057755,"+\/-":15.4669671785,"GW":10.0,"GP":11.0},"E. Abadam":{"TEAM":"DLSU","MINS":16.7092592592,"FGM":2.992352876,"FGA":8.7775684362,"FG%":34.0909090909,"2PM":1.9949019173,"2PA":4.3887842181,"2P%":45.4545454545,"3PM":0.9974509587,"3PA":4.3887842181,"3P%":22.7272727273,"FTM":1.1969411504,"FTA":2.1943921091,"FT%":54.5454545455,"PTS":8.179097861,"OFF":1.3964313421,"DEF":2.1943921091,"REB":3.5908234512,"AST":1.9949019173,"TO":1.7954117256,"STL":0.5984705752,"BLK":0.1994901917,"STK":0.7979607669,"PF":3.3913332595,"Fls on:":1.5959215339,"+\/-":13.5653330378,"GW":8.0,"GP":9.0},"C. Austria":{"TEAM":"DLSU","MINS":15.9142857143,"FGM":2.6929982047,"FGA":7.8096947936,"FG%":34.4827586207,"2PM":2.4236983842,"2PA":5.3859964093,"2P%":45.0,"3PM":0.2692998205,"3PA":2.4236983842,"3P%":11.1111111111,"FTM":1.6157989228,"FTA":2.1543985637,"FT%":75.0,"PTS":7.2710951526,"OFF":2.1543985637,"DEF":2.1543985637,"REB":4.3087971275,"AST":5.1166965889,"TO":4.5780969479,"STL":0.2692998205,"BLK":0.2692998205,"STK":0.5385996409,"PF":2.1543985637,"Fls on:":2.1543985637,"+\/-":2.4236983842,"GW":7.0,"GP":7.0},"A. Konov":{"TEAM":"DLSU","MINS":5.6111111111,"FGM":1.7821782178,"FGA":6.2376237624,"FG%":28.5714285714,"2PM":0.0,"2PA":0.8910891089,"2P%":0.0,"3PM":1.7821782178,"3PA":5.3465346535,"3P%":33.3333333333,"FTM":0.0,"FTA":0.0,"FT%":0.0,"PTS":5.3465346535,"OFF":1.7821782178,"DEF":3.5643564356,"REB":5.3465346535,"AST":1.7821782178,"TO":2.6732673267,"STL":0.0,"BLK":0.0,"STK":0.0,"PF":3.5643564356,"Fls on:":1.7821782178,"+\/-":-6.2376237624,"GW":6.0,"GP":6.0},"M. Rubico":{"TEAM":"DLSU","MINS":3.7266666666,"FGM":1.6100178891,"FGA":4.8300536673,"FG%":33.3333333333,"2PM":0.0,"2PA":1.6100178891,"2P%":0.0,"3PM":1.6100178891,"3PA":3.2200357782,"3P%":50.0,"FTM":0.0,"FTA":0.0,"FT%":0.0,"PTS":4.8300536673,"OFF":0.0,"DEF":3.2200357782,"REB":3.2200357782,"AST":3.2200357782,"TO":8.0500894455,"STL":1.6100178891,"BLK":0.0,"STK":1.6100178891,"PF":6.4400715564,"Fls on:":1.6100178891,"+\/-":-3.2200357782,"GW":5.0,"GP":5.0},"E. Alian":{"TEAM":"DLSU","MINS":6.3333333333,"FGM":2.3684210526,"FGA":2.3684210526,"FG%":100.0,"2PM":2.3684210526,"2PA":2.3684210526,"2P%":100.0,"3PM":0.0,"3PA":0.0,"3P%":0.0,"FTM":0.0,"FTA":0.0,"FT%":0.0,"PTS":4.7368421053,"OFF":2.3684210526,"DEF":2.3684210526,"REB":4.7368421053,"AST":9.4736842105,"TO":9.4736842105,"STL":0.0,"BLK":0.0,"STK":0.0,"PF":4.7368421053,"Fls on:":4.7368421053,"+\/-":21.3157894736,"GW":2.0,"GP":2.0},"L. Ramiro":{"TEAM":"DLSU","MINS":15.2151515152,"FGM":1.6132244573,"FGA":6.632144991,"FG%":24.3243243243,"2PM":0.5377414858,"2PA":3.2264489146,"2P%":16.6666666667,"3PM":1.0754829715,"3PA":3.4056960765,"3P%":31.5789473684,"FTM":0.1792471619,"FTA":0.3584943238,"FT%":50.0,"PTS":4.481179048,"OFF":0.3584943238,"DEF":4.3019318861,"REB":4.6604262099,"AST":3.7641904003,"TO":2.150965943,"STL":0.5377414858,"BLK":0.7169886477,"STK":1.2547301334,"PF":3.2264489146,"Fls on:":1.7924716192,"+\/-":1.6132244573,"GW":10.0,"GP":11.0}}