{"M. Konateh":{"TEAM":"FEU","SP":66.9,"GP":10.0,"MPG":34.415,"EWA":2.3018785788,"PER":24.2640678288,"WS":1.5780084488,"OWS":0.7817671021,"DWS":0.7962413468,"EFF":22.6,"GmSc":12.49,"TS%":51.1609602519,"EFG%":46.5909090909,"PPWS":1.023219205,"FTR":0.3522727273,"REB%":20.9538956439,"OREB%":14.7244391409,"DREB%":26.9933469376,"AR":1.4268150957,"pAST%":5.8540950109,"TOR":3.8048402551,"AST\/TO":0.375,"PPR":-5.1669319344,"USG%":16.7262740658,"aSP":65.2682926829,"ORtg":98.6954752611,"DRtg":80.5158959349,"Floor%":48.9578815748,"Stop%":0.7930458525,"FFI":50.9141323098,"PIE":18.6894586895,"AV":2.7756329513},"J. Bautista":{"TEAM":"FEU","SP":50.7,"GP":10.0,"MPG":28.8516666667,"EWA":1.1587821913,"PER":18.8928514973,"WS":1.0037987525,"OWS":0.7166070116,"DWS":0.2871917409,"EFF":9.6,"GmSc":7.64,"TS%":43.6708860759,"EFG%":40.1360544218,"PPWS":0.8734177215,"FTR":0.1700680272,"REB%":6.2878838613,"OREB%":1.9160383182,"DREB%":10.5263833529,"AR":2.8365687434,"pAST%":13.3620514841,"TOR":1.891045829,"AST\/TO":1.5,"PPR":0.0,"USG%":26.6782556817,"aSP":49.4634146341,"ORtg":94.5950856672,"DRtg":90.4623368829,"Floor%":41.6977726489,"Stop%":0.566404631,"FFI":43.5158883833,"PIE":8.8888888889,"AV":1.4604413811},"R. Alforque":{"TEAM":"FEU","SP":42.6,"GP":10.0,"MPG":22.2733333333,"EWA":0.7906574298,"PER":17.9550857553,"WS":0.6212077069,"OWS":0.3394168186,"DWS":0.2817908884,"EFF":9.2,"GmSc":5.71,"TS%":45.3947368421,"EFG%":41.5384615385,"PPWS":0.9078947368,"FTR":0.3846153846,"REB%":10.3848537744,"OREB%":7.0321406832,"DREB%":13.6353054641,"AR":7.1037184676,"pAST%":28.9900066969,"TOR":4.6541603753,"AST\/TO":1.5263157895,"PPR":0.1478432626,"USG%":19.5414795925,"aSP":41.5609756098,"ORtg":90.4328140296,"DRtg":88.4270704244,"Floor%":44.3841805974,"Stop%":0.6127805436,"FFI":47.6275034274,"PIE":7.4643874644,"AV":1.4145606597},"V. Pre":{"TEAM":"FEU","SP":51.0,"GP":10.0,"MPG":33.3433333333,"EWA":0.5917111315,"PER":14.3869480385,"WS":0.5942362328,"OWS":0.3385086203,"DWS":0.2557276126,"EFF":11.1,"GmSc":6.62,"TS%":47.3163841808,"EFG%":41.935483871,"PPWS":0.9463276836,"FTR":0.3225806452,"REB%":10.0655644015,"OREB%":5.2501103601,"DREB%":14.7341418489,"AR":2.6180861218,"pAST%":11.3737765099,"TOR":5.7270633914,"AST\/TO":0.4571428571,"PPR":-7.2094245417,"USG%":24.2661422921,"aSP":49.756097561,"ORtg":85.7378428697,"DRtg":92.186087783,"Floor%":40.2898936155,"Stop%":0.5271269626,"FFI":46.23115945,"PIE":8.8319088319,"AV":1.6284444162},"M. Ona":{"TEAM":"FEU","SP":10.4,"GP":10.0,"MPG":7.29,"EWA":-0.2516173406,"PER":3.8824025441,"WS":0.0917040194,"OWS":0.0421665583,"DWS":0.0495374611,"EFF":1.7,"GmSc":0.2,"TS%":34.0909090909,"EFG%":27.2727272727,"PPWS":0.6818181818,"FTR":0.4545454545,"REB%":9.9542347985,"OREB%":7.5831137005,"DREB%":12.2530341202,"AR":1.4968401621,"pAST%":5.2286581478,"TOR":0.7484200811,"AST\/TO":2.0,"PPR":0.4517095019,"USG%":8.9244173284,"aSP":10.1463414634,"ORtg":88.8401623468,"DRtg":92.8457430244,"Floor%":44.9753421213,"Stop%":0.512095951,"FFI":44.0567904471,"PIE":-0.7407407407,"AV":0.3986735252},"R. Montemayor":{"TEAM":"FEU","SP":18.3333333333,"GP":9.0,"MPG":16.9277777778,"EWA":-0.298140313,"PER":6.8865439511,"WS":0.0794242287,"OWS":0.0501601187,"DWS":0.02926411,"EFF":2.7777777778,"GmSc":1.4888888889,"TS%":37.2292418773,"EFG%":34.8837209302,"PPWS":0.7445848375,"FTR":0.0697674419,"REB%":6.2516155452,"OREB%":5.4428190558,"DREB%":7.0357428608,"AR":0.7162431757,"pAST%":2.7319491458,"TOR":1.4324863514,"AST\/TO":0.5,"PPR":-1.7291564261,"USG%":14.5312683097,"aSP":17.8861788618,"ORtg":82.9970309683,"DRtg":96.5236117544,"Floor%":36.1154941217,"Stop%":0.4282914358,"FFI":40.7304422233,"PIE":0.9686609687,"AV":0.5323971375},"J. Pasaol":{"TEAM":"FEU","SP":39.3,"GP":10.0,"MPG":23.8166666667,"EWA":-0.1476332306,"PER":9.5740540513,"WS":0.0495410505,"OWS":-0.2322807509,"DWS":0.2818218014,"EFF":5.0,"GmSc":2.99,"TS%":35.9712230216,"EFG%":30.8139534884,"PPWS":0.7194244604,"FTR":0.3720930233,"REB%":7.045895081,"OREB%":1.5474009483,"DREB%":12.3766791531,"AR":5.956145927,"pAST%":23.4725932885,"TOR":5.0398157844,"AST\/TO":1.1818181818,"PPR":-1.9356811098,"USG%":23.4845691474,"aSP":38.3414634146,"ORtg":73.0916382532,"DRtg":89.044668741,"Floor%":35.0133967526,"Stop%":0.5987078479,"FFI":41.9565029877,"PIE":3.4188034188,"AV":0.8953816888},"A. Nakai":{"TEAM":"FEU","SP":11.6,"GP":10.0,"MPG":7.2666666667,"EWA":-0.1736835711,"PER":6.015816818,"WS":0.0331771211,"OWS":-0.0246610805,"DWS":0.0578382015,"EFF":1.1,"GmSc":0.46,"TS%":37.0514820593,"EFG%":36.9565217391,"PPWS":0.7410296412,"FTR":0.2608695652,"REB%":7.4896484534,"OREB%":3.8037315741,"DREB%":11.0631408527,"AR":0.7508232648,"pAST%":2.9309440976,"TOR":2.2524697944,"AST\/TO":0.3333333333,"PPR":-3.1721196169,"USG%":18.0574669845,"aSP":11.3170731707,"ORtg":76.3677883854,"DRtg":91.9673826116,"Floor%":33.8922467822,"Stop%":0.5321104142,"FFI":43.8932810401,"PIE":-0.056980057,"AV":0.2876240645},"A. Bagunu":{"TEAM":"FEU","SP":8.75,"GP":8.0,"MPG":7.3041666667,"EWA":-0.1458061462,"PER":5.8045347306,"WS":0.0068205327,"OWS":-0.0393701505,"DWS":0.0461906832,"EFF":1.5,"GmSc":0.5375,"TS%":39.4736842105,"EFG%":26.9230769231,"PPWS":0.7894736842,"FTR":0.3846153846,"REB%":8.5378289557,"OREB%":4.7302537544,"DREB%":12.2292689656,"AR":1.8674212405,"pAST%":6.6523164123,"TOR":4.6685531011,"AST\/TO":0.4,"PPR":-6.1989592057,"USG%":15.8383436879,"aSP":8.5365853659,"ORtg":73.0178339474,"DRtg":92.0085297953,"Floor%":30.9458679207,"Stop%":0.5311728278,"FFI":41.3173740141,"PIE":0.4558404558,"AV":0.3070199805},"J. Jones":{"TEAM":"FEU","SP":8.0,"GP":4.0,"MPG":1.6833333334,"EWA":-0.0458036049,"PER":-2.8530563246,"WS":0.0046579699,"OWS":0.0,"DWS":0.0046579699,"EFF":0.25,"GmSc":-0.125,"TS%":0.0,"EFG%":0.0,"PPWS":0.0,"FTR":0.0,"REB%":6.7357399456,"OREB%":0.0,"DREB%":13.2660324855,"AR":0.0,"pAST%":0.0,"TOR":0.0,"AST\/TO":null,"PPR":0.0,"USG%":0.0,"aSP":7.8048780488,"ORtg":null,"DRtg":92.7533024808,"Floor%":null,"Stop%":0.5142023163,"FFI":25.0,"PIE":-0.113960114,"AV":0.0476190476},"N. Duque":{"TEAM":"FEU","SP":0.0,"GP":1.0,"MPG":0.4666666667,"EWA":-0.0025121061,"PER":0.0,"WS":-0.000269663,"OWS":0.0,"DWS":-0.000269663,"EFF":0.0,"GmSc":0.0,"TS%":0.0,"EFG%":0.0,"PPWS":0.0,"FTR":0.0,"REB%":0.0,"OREB%":0.0,"DREB%":0.0,"AR":0.0,"pAST%":0.0,"TOR":0.0,"AST\/TO":null,"PPR":0.0,"USG%":0.0,"aSP":0.0,"ORtg":null,"DRtg":102.332957639,"Floor%":null,"Stop%":0.2959187355,"FFI":25.0,"PIE":0.0,"AV":0.0},"C. Anonuevo":{"TEAM":"FEU","SP":28.4,"GP":5.0,"MPG":17.7266666667,"EWA":-0.1921316558,"PER":6.462896261,"WS":-0.0682553768,"OWS":-0.2427764629,"DWS":0.174521086,"EFF":4.0,"GmSc":1.52,"TS%":24.6415770609,"EFG%":23.8095238095,"PPWS":0.4928315412,"FTR":0.1428571429,"REB%":10.7457724143,"OREB%":6.2370325923,"DREB%":15.1169907602,"AR":3.693406658,"pAST%":13.0000986457,"TOR":4.9245422106,"AST\/TO":0.75,"PPR":-4.4583167237,"USG%":15.6729651924,"aSP":27.7073170732,"ORtg":53.9076185553,"DRtg":83.116163747,"Floor%":23.6205454958,"Stop%":0.7337957271,"FFI":36.6829376325,"PIE":1.0256410256,"AV":0.4503531471},"J. Daa":{"TEAM":"FEU","SP":17.5,"GP":10.0,"MPG":17.0033333333,"EWA":-1.0732689171,"PER":-1.8673388949,"WS":-0.4667188507,"OWS":-0.5460772809,"DWS":0.0793584302,"EFF":0.3,"GmSc":-0.93,"TS%":25.0578257517,"EFG%":24.5098039216,"PPWS":0.501156515,"FTR":0.0392156863,"REB%":4.0010374506,"OREB%":2.1674533964,"DREB%":5.7786951937,"AR":3.2087722354,"pAST%":11.8745124692,"TOR":4.4922811295,"AST\/TO":0.7142857143,"PPR":-4.2606451627,"USG%":17.7516438635,"aSP":17.0731707317,"ORtg":51.5327256005,"DRtg":94.4513985447,"Floor%":24.745996798,"Stop%":0.4755092231,"FFI":34.7025772597,"PIE":-2.4501424501,"AV":0.1085479551}}