{"J. Bautista":{"TEAM":"FEU","MINS":28.8516666667,"FGM":5.1,"FGA":14.7,"FG%":34.693877551,"2PM":3.5,"2PA":8.6,"2P%":40.6976744186,"3PM":1.6,"3PA":6.1,"3P%":26.2295081967,"FTM":2.0,"FTA":2.5,"FT%":80.0,"PTS":13.8,"OFF":0.6,"DEF":3.4,"REB":4.0,"AST":1.5,"TO":1.0,"STL":1.4,"BLK":0.0,"STK":1.4,"PF":1.5,"Fls on:":2.8,"+\/-":1.1,"GW":3.0,"GP":10.0},"V. Pre":{"TEAM":"FEU","MINS":33.3433333333,"FGM":4.8,"FGA":12.4,"FG%":38.7096774194,"2PM":4.0,"2PA":9.5,"2P%":42.1052631579,"3PM":0.8,"3PA":2.9,"3P%":27.5862068966,"FTM":3.0,"FTA":4.0,"FT%":75.0,"PTS":13.4,"OFF":1.9,"DEF":5.5,"REB":7.4,"AST":1.6,"TO":3.5,"STL":0.2,"BLK":0.6,"STK":0.8,"PF":2.1,"Fls on:":3.0,"+\/-":-5.0,"GW":3.0,"GP":10.0},"M. Konateh":{"TEAM":"FEU","MINS":34.415,"FGM":4.1,"FGA":8.8,"FG%":46.5909090909,"2PM":4.1,"2PA":8.7,"2P%":47.1264367816,"3PM":0.0,"3PA":0.1,"3P%":0.0,"FTM":2.2,"FTA":3.1,"FT%":70.9677419355,"PTS":10.4,"OFF":5.5,"DEF":10.4,"REB":15.9,"AST":0.9,"TO":2.4,"STL":0.9,"BLK":2.5,"STK":3.4,"PF":2.2,"Fls on:":3.8,"+\/-":-0.3,"GW":3.0,"GP":10.0},"J. Pasaol":{"TEAM":"FEU","MINS":23.8166666667,"FGM":2.4,"FGA":8.6,"FG%":27.9069767442,"2PM":1.9,"2PA":6.3,"2P%":30.1587301587,"3PM":0.5,"3PA":2.3,"3P%":21.7391304348,"FTM":1.9,"FTA":3.2,"FT%":59.375,"PTS":7.2,"OFF":0.4,"DEF":3.3,"REB":3.7,"AST":2.6,"TO":2.2,"STL":1.2,"BLK":0.0,"STK":1.2,"PF":1.8,"Fls on:":2.8,"+\/-":-8.3,"GW":3.0,"GP":10.0},"R. Alforque":{"TEAM":"FEU","MINS":22.2733333333,"FGM":2.6,"FGA":6.5,"FG%":40.0,"2PM":2.4,"2PA":5.6,"2P%":42.8571428571,"3PM":0.2,"3PA":0.9,"3P%":22.2222222222,"FTM":1.5,"FTA":2.5,"FT%":60.0,"PTS":6.9,"OFF":1.7,"DEF":3.4,"REB":5.1,"AST":2.9,"TO":1.9,"STL":1.1,"BLK":0.0,"STK":1.1,"PF":1.8,"Fls on:":3.5,"+\/-":0.7,"GW":3.0,"GP":10.0},"R. Montemayor":{"TEAM":"FEU","MINS":16.9277777778,"FGM":1.4444444444,"FGA":4.7777777778,"FG%":30.2325581395,"2PM":1.0,"2PA":2.0,"2P%":50.0,"3PM":0.4444444444,"3PA":2.7777777778,"3P%":16.0,"FTM":0.3333333333,"FTA":0.3333333333,"FT%":100.0,"PTS":3.6666666667,"OFF":1.0,"DEF":1.3333333333,"REB":2.3333333333,"AST":0.2222222222,"TO":0.4444444444,"STL":0.1111111111,"BLK":0.2222222222,"STK":0.3333333333,"PF":1.2222222222,"Fls on:":0.1111111111,"+\/-":1.1111111111,"GW":3.0,"GP":9.0},"J. Daa":{"TEAM":"FEU","MINS":17.0033333333,"FGM":1.2,"FGA":5.1,"FG%":23.5294117647,"2PM":1.1,"2PA":2.9,"2P%":37.9310344828,"3PM":0.1,"3PA":2.2,"3P%":4.5454545455,"FTM":0.1,"FTA":0.2,"FT%":50.0,"PTS":2.6,"OFF":0.4,"DEF":1.1,"REB":1.5,"AST":1.0,"TO":1.4,"STL":0.5,"BLK":0.1,"STK":0.6,"PF":2.2,"Fls on:":0.8,"+\/-":-2.7,"GW":3.0,"GP":10.0},"C. Anonuevo":{"TEAM":"FEU","MINS":17.7266666667,"FGM":0.8,"FGA":4.2,"FG%":19.0476190476,"2PM":0.4,"2PA":1.6,"2P%":25.0,"3PM":0.4,"3PA":2.6,"3P%":15.3846153846,"FTM":0.2,"FTA":0.6,"FT%":33.3333333333,"PTS":2.2,"OFF":1.2,"DEF":3.0,"REB":4.2,"AST":1.2,"TO":1.6,"STL":1.4,"BLK":0.4,"STK":1.8,"PF":1.4,"Fls on:":1.2,"+\/-":-6.6,"GW":2.0,"GP":5.0},"A. Nakai":{"TEAM":"FEU","MINS":7.2666666667,"FGM":0.7,"FGA":2.3,"FG%":30.4347826087,"2PM":0.4,"2PA":0.8,"2P%":50.0,"3PM":0.3,"3PA":1.5,"3P%":20.0,"FTM":0.2,"FTA":0.6,"FT%":33.3333333333,"PTS":1.9,"OFF":0.3,"DEF":0.9,"REB":1.2,"AST":0.1,"TO":0.3,"STL":0.2,"BLK":0.0,"STK":0.2,"PF":1.0,"Fls on:":0.5,"+\/-":-2.1,"GW":3.0,"GP":10.0},"A. Bagunu":{"TEAM":"FEU","MINS":7.3041666667,"FGM":0.375,"FGA":1.625,"FG%":23.0769230769,"2PM":0.25,"2PA":1.125,"2P%":22.2222222222,"3PM":0.125,"3PA":0.5,"3P%":25.0,"FTM":0.625,"FTA":0.625,"FT%":100.0,"PTS":1.5,"OFF":0.375,"DEF":1.0,"REB":1.375,"AST":0.25,"TO":0.625,"STL":0.125,"BLK":0.125,"STK":0.25,"PF":0.75,"Fls on:":0.875,"+\/-":-0.5,"GW":1.0,"GP":8.0},"M. Ona":{"TEAM":"FEU","MINS":7.29,"FGM":0.3,"FGA":1.1,"FG%":27.2727272727,"2PM":0.3,"2PA":0.9,"2P%":33.3333333333,"3PM":0.0,"3PA":0.2,"3P%":0.0,"FTM":0.3,"FTA":0.5,"FT%":60.0,"PTS":0.9,"OFF":0.6,"DEF":1.0,"REB":1.6,"AST":0.2,"TO":0.1,"STL":0.0,"BLK":0.1,"STK":0.1,"PF":2.0,"Fls on:":0.5,"+\/-":-1.2,"GW":3.0,"GP":10.0},"N. Duque":{"TEAM":"FEU","MINS":0.4666666667,"FGM":0.0,"FGA":0.0,"FG%":0.0,"2PM":0.0,"2PA":0.0,"2P%":0.0,"3PM":0.0,"3PA":0.0,"3P%":0.0,"FTM":0.0,"FTA":0.0,"FT%":0.0,"PTS":0.0,"OFF":0.0,"DEF":0.0,"REB":0.0,"AST":0.0,"TO":0.0,"STL":0.0,"BLK":0.0,"STK":0.0,"PF":0.0,"Fls on:":0.0,"+\/-":0.0,"GW":0.0,"GP":1.0},"J. Jones":{"TEAM":"FEU","MINS":1.6833333334,"FGM":0.0,"FGA":0.0,"FG%":0.0,"2PM":0.0,"2PA":0.0,"2P%":0.0,"3PM":0.0,"3PA":0.0,"3P%":0.0,"FTM":0.0,"FTA":0.0,"FT%":0.0,"PTS":0.0,"OFF":0.0,"DEF":0.25,"REB":0.25,"AST":0.0,"TO":0.0,"STL":0.0,"BLK":0.0,"STK":0.0,"PF":0.5,"Fls on:":0.0,"+\/-":-3.75,"GW":2.0,"GP":4.0}}