{"J. Bautista":{"TEAM":"FEU","MINS":28.8516666667,"FGM":5.3029865404,"FGA":15.2850788516,"FG%":34.693877551,"2PM":3.6393044885,"2PA":8.9422910288,"2P%":40.6976744186,"3PM":1.6636820519,"3PA":6.3427878228,"3P%":26.2295081967,"FTM":2.0796025648,"FTA":2.5995032061,"FT%":80.0,"PTS":14.3492576974,"OFF":0.6238807695,"DEF":3.5353243602,"REB":4.1592051297,"AST":1.5597019236,"TO":1.0398012824,"STL":1.4557217954,"BLK":0.0,"STK":1.4557217954,"PF":1.5597019236,"Fls on:":2.9114435908,"+\/-":1.1437814107,"GW":3.0,"GP":10.0},"V. Pre":{"TEAM":"FEU","MINS":33.3433333333,"FGM":4.3187043887,"FGA":11.1566530041,"FG%":38.7096774194,"2PM":3.5989203239,"2PA":8.5474357693,"2P%":42.1052631579,"3PM":0.7197840648,"3PA":2.6092172348,"3P%":27.5862068966,"FTM":2.6991902429,"FTA":3.5989203239,"FT%":75.0,"PTS":12.0563830851,"OFF":1.7094871539,"DEF":4.9485154454,"REB":6.6580025992,"AST":1.4395681296,"TO":3.1490552834,"STL":0.1799460162,"BLK":0.5398380486,"STK":0.7197840648,"PF":1.88943317,"Fls on:":2.6991902429,"+\/-":-4.4986504049,"GW":3.0,"GP":10.0},"R. Alforque":{"TEAM":"FEU","MINS":22.2733333333,"FGM":3.5019455253,"FGA":8.7548638132,"FG%":40.0,"2PM":3.2325651003,"2PA":7.5426519006,"2P%":42.8571428571,"3PM":0.269380425,"3PA":1.2122119126,"3P%":22.2222222222,"FTM":2.0203531877,"FTA":3.3672553128,"FT%":60.0,"PTS":9.2936246633,"OFF":2.2897336127,"DEF":4.5794672254,"REB":6.8692008381,"AST":3.9060161628,"TO":2.5591140377,"STL":1.4815923376,"BLK":0.0,"STK":1.4815923376,"PF":2.4244238252,"Fls on:":4.7141574379,"+\/-":0.9428314876,"GW":3.0,"GP":10.0},"J. Pasaol":{"TEAM":"FEU","MINS":23.8166666667,"FGM":3.0230930721,"FGA":10.8327501749,"FG%":27.9069767442,"2PM":2.3932820154,"2PA":7.9356193142,"2P%":30.1587301587,"3PM":0.6298110567,"3PA":2.8971308607,"3P%":21.7391304348,"FTM":2.3932820154,"FTA":4.0307907628,"FT%":59.375,"PTS":9.0692792162,"OFF":0.5038488453,"DEF":4.1567529741,"REB":4.6606018195,"AST":3.2750174948,"TO":2.7711686494,"STL":1.511546536,"BLK":0.0,"STK":1.511546536,"PF":2.2673198041,"Fls on:":3.5269419174,"+\/-":-10.4548635409,"GW":3.0,"GP":10.0},"M. Konateh":{"TEAM":"FEU","MINS":34.415,"FGM":3.5740229551,"FGA":7.6710736597,"FG%":46.5909090909,"2PM":3.5740229551,"2PA":7.5839023682,"2P%":47.1264367816,"3PM":0.0,"3PA":0.0871712916,"3P%":0.0,"FTM":1.9177684149,"FTA":2.7023100392,"FT%":70.9677419355,"PTS":9.0658143252,"OFF":4.7944210373,"DEF":9.0658143252,"REB":13.8602353625,"AST":0.7845416243,"TO":2.0921109981,"STL":0.7845416243,"BLK":2.1792822897,"STK":2.963823914,"PF":1.9177684149,"Fls on:":3.3125090803,"+\/-":-0.2615138748,"GW":3.0,"GP":10.0},"A. Nakai":{"TEAM":"FEU","MINS":7.2666666667,"FGM":2.8899082569,"FGA":9.4954128441,"FG%":30.4347826087,"2PM":1.6513761468,"2PA":3.3027522936,"2P%":50.0,"3PM":1.2385321101,"3PA":6.1926605505,"3P%":20.0,"FTM":0.8256880734,"FTA":2.4770642202,"FT%":33.3333333333,"PTS":7.8440366973,"OFF":1.2385321101,"DEF":3.7155963303,"REB":4.9541284404,"AST":0.4128440367,"TO":1.2385321101,"STL":0.8256880734,"BLK":0.0,"STK":0.8256880734,"PF":4.128440367,"Fls on:":2.0642201835,"+\/-":-8.6697247707,"GW":3.0,"GP":10.0},"R. Montemayor":{"TEAM":"FEU","MINS":16.9277777778,"FGM":2.5598949787,"FGA":8.4673449294,"FG%":30.2325581395,"2PM":1.7722349852,"2PA":3.5444699705,"2P%":50.0,"3PM":0.7876599934,"3PA":4.922874959,"3P%":16.0,"FTM":0.5907449951,"FTA":0.5907449951,"FT%":100.0,"PTS":6.4981949458,"OFF":1.7722349852,"DEF":2.3629799803,"REB":4.1352149655,"AST":0.3938299967,"TO":0.7876599934,"STL":0.1969149984,"BLK":0.3938299967,"STK":0.5907449951,"PF":2.1660649819,"Fls on:":0.1969149984,"+\/-":1.9691499836,"GW":3.0,"GP":9.0},"A. Bagunu":{"TEAM":"FEU","MINS":7.3041666667,"FGM":1.5402167713,"FGA":6.6742726754,"FG%":23.0769230769,"2PM":1.0268111808,"2PA":4.6206503138,"2P%":22.2222222222,"3PM":0.5134055904,"3PA":2.0536223617,"3P%":25.0,"FTM":2.5670279521,"FTA":2.5670279521,"FT%":100.0,"PTS":6.160867085,"OFF":1.5402167713,"DEF":4.1072447233,"REB":5.6474614946,"AST":1.0268111808,"TO":2.5670279521,"STL":0.5134055904,"BLK":0.5134055904,"STK":1.0268111808,"PF":3.0804335425,"Fls on:":3.5938391329,"+\/-":-2.0536223617,"GW":1.0,"GP":8.0},"J. Daa":{"TEAM":"FEU","MINS":17.0033333333,"FGM":2.1172319153,"FGA":8.9982356401,"FG%":23.5294117647,"2PM":1.9407959224,"2PA":5.1166437953,"2P%":37.9310344828,"3PM":0.1764359929,"3PA":3.8815918447,"3P%":4.5454545455,"FTM":0.1764359929,"FTA":0.3528719859,"FT%":50.0,"PTS":4.5873358165,"OFF":0.7057439718,"DEF":1.9407959224,"REB":2.6465398941,"AST":1.7643599294,"TO":2.4701039012,"STL":0.8821799647,"BLK":0.1764359929,"STK":1.0586159577,"PF":3.8815918447,"Fls on:":1.4114879435,"+\/-":-4.7637718094,"GW":3.0,"GP":10.0},"C. Anonuevo":{"TEAM":"FEU","MINS":17.7266666667,"FGM":1.3538924408,"FGA":7.107935314,"FG%":19.0476190476,"2PM":0.6769462204,"2PA":2.7077848815,"2P%":25.0,"3PM":0.6769462204,"3PA":4.4001504325,"3P%":15.3846153846,"FTM":0.3384731102,"FTA":1.0154193306,"FT%":33.3333333333,"PTS":3.7232042121,"OFF":2.0308386611,"DEF":5.0770966529,"REB":7.107935314,"AST":2.0308386611,"TO":2.7077848815,"STL":2.3693117713,"BLK":0.6769462204,"STK":3.0462579917,"PF":2.3693117713,"Fls on:":2.0308386611,"+\/-":-11.1696126363,"GW":2.0,"GP":5.0},"M. Ona":{"TEAM":"FEU","MINS":7.29,"FGM":1.2345679012,"FGA":4.5267489712,"FG%":27.2727272727,"2PM":1.2345679012,"2PA":3.7037037037,"2P%":33.3333333333,"3PM":0.0,"3PA":0.8230452675,"3P%":0.0,"FTM":1.2345679012,"FTA":2.0576131687,"FT%":60.0,"PTS":3.7037037037,"OFF":2.4691358025,"DEF":4.1152263374,"REB":6.5843621399,"AST":0.8230452675,"TO":0.4115226337,"STL":0.0,"BLK":0.4115226337,"STK":0.4115226337,"PF":8.2304526749,"Fls on:":2.0576131687,"+\/-":-4.9382716049,"GW":3.0,"GP":10.0},"N. Duque":{"TEAM":"FEU","MINS":0.4666666667,"FGM":0.0,"FGA":0.0,"FG%":0.0,"2PM":0.0,"2PA":0.0,"2P%":0.0,"3PM":0.0,"3PA":0.0,"3P%":0.0,"FTM":0.0,"FTA":0.0,"FT%":0.0,"PTS":0.0,"OFF":0.0,"DEF":0.0,"REB":0.0,"AST":0.0,"TO":0.0,"STL":0.0,"BLK":0.0,"STK":0.0,"PF":0.0,"Fls on:":0.0,"+\/-":0.0,"GW":0.0,"GP":1.0},"J. Jones":{"TEAM":"FEU","MINS":1.6833333334,"FGM":0.0,"FGA":0.0,"FG%":0.0,"2PM":0.0,"2PA":0.0,"2P%":0.0,"3PM":0.0,"3PA":0.0,"3P%":0.0,"FTM":0.0,"FTA":0.0,"FT%":0.0,"PTS":0.0,"OFF":0.0,"DEF":4.4554455445,"REB":4.4554455445,"AST":0.0,"TO":0.0,"STL":0.0,"BLK":0.0,"STK":0.0,"PF":8.910891089,"Fls on:":0.0,"+\/-":-66.8316831677,"GW":2.0,"GP":4.0}}