{"League":{"TEAM":"League","MINS":20.0127208591,"FGM":2.5527549872,"FGA":6.6815232276,"FG%":38.2061829359,"2PM":1.8826089525,"2PA":4.3165021097,"2P%":43.6142252382,"3PM":0.6701460347,"3PA":2.3650211179,"3P%":28.3357315347,"FTM":1.358346915,"FTA":2.1125225771,"FT%":64.2997584838,"PTS":7.1340029241,"OFF":1.2946218063,"DEF":3.1551586705,"REB":4.4497804768,"AST":1.605610772,"TO":1.4937405226,"STL":0.6903079275,"BLK":0.3450857232,"STK":1.0353936508,"PF":1.8622605572,"Fls on:":2.1703286563,"+\/-":0.3707299278,"GW":4.7435867785,"GP":9.577257043}}