PLAYER,TEAM,SP,GP,MPG,EWA,PER,WS,OWS,DWS,EFF,GmSc,TS%,EFG%,PPWS,FTR,REB%,OREB%,DREB%,AR,pAST%,TOR,AST/TO,PPR,USG%,aSP,ORtg,DRtg,Floor%,Stop%,FFI,PIE,AV
League,League,38.977127675845345,9.577257043,20.012720859119998,0.5492444166600542,16.579893147644192,0.552053917274772,0.34333907644369727,0.2087148408310748,7.848103398773945,4.846301989224995,46.86619262317338,43.22110252757444,0.9373238524634676,0.31617379826536846,10.703170669605464,6.227973814716664,15.178367524494263,4.359017578444332,17.173138978651483,4.0553048777538345,1.074892692373531,-2.1153212709915463,20.893328483586455,38.61511101012542,92.15523286953908,89.88182266721408,42.41207958482258,0.602943155781238,47.26281652851518,5.548970169067714,1.2155843499507704
