{"League":{"TEAM":"League","SP":38.9771276758,"GP":9.577257043,"MPG":20.0127208591,"EWA":0.5492444167,"PER":16.5798931476,"WS":0.5520539173,"OWS":0.3433390764,"DWS":0.2087148408,"EFF":7.8481033988,"GmSc":4.8463019892,"TS%":46.8661926232,"EFG%":43.2211025276,"PPWS":0.9373238525,"FTR":0.3161737983,"REB%":10.7031706696,"OREB%":6.2279738147,"DREB%":15.1783675245,"AR":4.3590175784,"pAST%":17.1731389787,"TOR":4.0553048778,"AST\/TO":1.0748926924,"PPR":-2.115321271,"USG%":20.8933284836,"aSP":38.6151110101,"ORtg":92.1552328695,"DRtg":89.8818226672,"Floor%":42.4120795848,"Stop%":0.6029431558,"FFI":47.2628165285,"PIE":5.5489701691,"AV":1.21558435}}