{"League":{"TEAM":"League","MINS":191.6669717976,"FGM":24.4483906805,"FGA":63.9906653891,"FG%":38.2061829359,"2PM":18.0302298497,"2PA":41.3402502308,"2P%":43.6142252382,"3PM":6.4181608308,"3PA":22.6504151584,"3P%":28.3357315347,"FTM":13.0092375582,"FTA":20.2321717296,"FT%":64.2997584838,"PTS":68.3241797499,"OFF":12.3989258125,"DEF":30.2177655992,"REB":42.6166914117,"AST":15.3773470749,"TO":14.3059369405,"STL":6.6112564607,"BLK":3.3049746734,"STK":9.9162311341,"PF":17.8353480372,"Fls on:":20.7857954088,"+\/-":3.5505758116,"GW":4.7435867785,"GP":9.577257043}}