,TEAM,MINS,FGM,FGA,FG%,2PM,2PA,2P%,3PM,3PA,3P%,FTM,FTA,FT%,PTS,OFF,DEF,REB,AST,TO,STL,BLK,STK,PF,Fls on:,+/-,GW,GP
League,League,191.66697179757983,24.448390680462772,63.99066538914974,38.206182935875894,18.030229849691654,41.34025023075737,43.614225238233,6.418160830771118,22.650415158392367,28.33573153467379,13.009237558153952,20.232171729582056,64.29975848382486,68.32417974985061,12.398925812506217,30.21776559915546,42.61669141166168,15.377347074893606,14.305936940527127,6.611256460715043,3.304974673376386,9.91623113409143,17.835348037160653,20.78579540878768,3.5505758115767705,4.743586778531745,9.577257043031357
