PLAYER,TEAM,MINS,FGM,FGA,FG%,2PM,2PA,2P%,3PM,3PA,3P%,FTM,FTA,FT%,PTS,OFF,DEF,REB,AST,TO,STL,BLK,STK,PF,Fls on:,+/-,GW,GP
League,League,20.012720859119998,3.8266985361960213,10.015914289605519,38.2061829359,2.8221184402193025,6.470637561038201,43.6142252382,1.0045800959767184,3.5452767285829716,28.3357315347,2.0362252457253405,3.166769664044957,64.2997584838,10.694202414078449,1.9406983419542796,4.729729694552159,6.670428036506439,2.406885275644431,2.239186565060418,1.0348037116715354,0.5172995601281865,1.552103271799722,2.7916152485626102,3.2534236671850425,0.5557414162127111,4.7435867785,9.577257043
