PLAYER,TEAM,MINS,FGM,FGA,FG%,2PM,2PA,2P%,3PM,3PA,3P%,FTM,FTA,FT%,PTS,OFF,DEF,REB,AST,TO,STL,BLK,STK,PF,Fls on:,+/-,GW,GP
League,League,20.012720859119998,2.5527549872298025,6.681523227558215,38.2061829359,1.8826089525161345,4.316502109653151,43.6142252382,0.6701460347136681,2.365021117915505,28.3357315347,1.3583469149664757,2.1125225770553646,64.2997584838,7.134002924129307,1.2946218063096002,3.1551586705387753,4.4497804768483755,1.6056107720466035,1.4937405226015297,0.6903079275221244,0.3450857232463652,1.0353936507684898,1.8622605571848805,2.1703286562609594,0.3707299277505671,4.7435867785,9.577257043
