{"S. Enriquez":{"TEAM":"NU","SP":33.1,"GP":10.0,"MPG":18.3016666667,"EWA":1.0689029154,"PER":22.5593399138,"WS":0.800167011,"OWS":0.7935548698,"DWS":0.0066121412,"EFF":7.4,"GmSc":5.87,"TS%":54.581795818,"EFG%":50.0,"PPWS":1.0916359164,"FTR":0.275862069,"REB%":4.3507126531,"OREB%":2.4892862158,"DREB%":6.3197878482,"AR":7.5407215188,"pAST%":29.8713887358,"TOR":2.7146597468,"AST\/TO":2.7777777778,"PPR":4.2917892714,"USG%":18.3595788232,"aSP":33.1,"ORtg":113.6311761801,"DRtg":97.7069886639,"Floor%":46.2572552402,"Stop%":0.5061773619,"FFI":48.957123341,"PIE":7.5794621027,"AV":1.2014466618},"I. Manansala":{"TEAM":"NU","SP":39.2,"GP":10.0,"MPG":22.93,"EWA":1.0376028932,"PER":19.9154287629,"WS":0.7691299486,"OWS":0.6468610058,"DWS":0.1222689429,"EFF":9.8,"GmSc":6.48,"TS%":46.835970025,"EFG%":41.4634146341,"PPWS":0.9367194005,"FTR":0.3902439024,"REB%":12.4602828484,"OREB%":9.5367996289,"DREB%":15.5528349771,"AR":2.6482084401,"pAST%":11.064088734,"TOR":2.888954662,"AST\/TO":0.9166666667,"PPR":-2.0850917785,"USG%":21.3908590692,"aSP":39.2,"ORtg":98.7627035202,"DRtg":94.0477377733,"Floor%":48.4331101126,"Stop%":0.589268292,"FFI":48.6241456505,"PIE":8.1907090465,"AV":1.4832018621},"K. Padrones":{"TEAM":"NU","SP":30.6,"GP":10.0,"MPG":19.7116666667,"EWA":0.9267353887,"PER":20.2699271051,"WS":0.687131122,"OWS":0.6248343555,"DWS":0.0622967664,"EFF":9.3,"GmSc":5.59,"TS%":56.4516129032,"EFG%":56.3829787234,"PPWS":1.1290322581,"FTR":0.4255319149,"REB%":13.5442084747,"OREB%":12.9428570933,"DREB%":14.1803368034,"AR":1.6803178422,"pAST%":6.7541041736,"TOR":2.800529737,"AST\/TO":0.6,"PPR":-3.1185330684,"USG%":15.1491927846,"aSP":30.6,"ORtg":108.6762973189,"DRtg":95.6464985324,"Floor%":53.1352109196,"Stop%":0.5529650916,"FFI":55.8246091972,"PIE":6.2958435208,"AV":1.4260768066},"J. Figueroa":{"TEAM":"NU","SP":50.6,"GP":10.0,"MPG":30.32,"EWA":0.617174347,"PER":14.911426245,"WS":0.5031945328,"OWS":0.2789715602,"DWS":0.2242229727,"EFF":11.2,"GmSc":6.19,"TS%":45.347665435,"EFG%":40.9523809524,"PPWS":0.9069533087,"FTR":0.3047619048,"REB%":10.9680967417,"OREB%":4.5077262428,"DREB%":17.8020790285,"AR":4.9158441094,"pAST%":19.9854920132,"TOR":5.4620490104,"AST\/TO":0.9,"PPR":-4.0548472516,"USG%":22.3139847676,"aSP":50.6,"ORtg":85.3194611391,"DRtg":92.5291567176,"Floor%":40.4519941283,"Stop%":0.6237508449,"FFI":45.4884139483,"PIE":9.2298288509,"AV":1.6394350745},"P. Francisco":{"TEAM":"NU","SP":18.9,"GP":10.0,"MPG":10.59,"EWA":0.3791470165,"PER":18.0162748183,"WS":0.2548020646,"OWS":0.1768344148,"DWS":0.0779676498,"EFF":3.7,"GmSc":2.63,"TS%":43.9024390244,"EFG%":43.9024390244,"PPWS":0.8780487805,"FTR":0.0,"REB%":7.0766243617,"OREB%":6.8831858826,"DREB%":7.2812496445,"AR":3.1276548819,"pAST%":12.9990413207,"TOR":2.6063790683,"AST\/TO":1.2,"PPR":-0.9674454569,"USG%":19.7128227412,"aSP":18.9,"ORtg":92.2537478433,"DRtg":92.5533254241,"Floor%":39.0593511971,"Stop%":0.623202044,"FFI":43.2860180192,"PIE":2.8117359413,"AV":0.7143844592},"G. Santiago":{"TEAM":"NU","SP":13.3,"GP":10.0,"MPG":8.2833333333,"EWA":-0.054814678,"PER":9.4898893034,"WS":0.1122723805,"OWS":0.0439941255,"DWS":0.068278255,"EFF":2.0,"GmSc":1.02,"TS%":35.3016688062,"EFG%":22.0,"PPWS":0.7060333761,"FTR":0.56,"REB%":10.1781650088,"OREB%":6.5999642502,"DREB%":13.9632978594,"AR":1.332871839,"pAST%":4.5624340586,"TOR":1.9993077585,"AST\/TO":0.6666666667,"PPR":-2.0614179857,"USG%":18.7154239254,"aSP":13.3,"ORtg":83.720962088,"DRtg":91.9051968367,"Floor%":36.1424345314,"Stop%":0.6379191565,"FFI":43.0201659104,"PIE":0.3056234719,"AV":0.4503531471},"P. Palacielo":{"TEAM":"NU","SP":34.4,"GP":10.0,"MPG":20.9,"EWA":0.0538415477,"PER":11.3378062717,"WS":0.1022398159,"OWS":-0.1406406767,"DWS":0.2428804927,"EFF":7.2,"GmSc":3.02,"TS%":36.7140890317,"EFG%":35.8024691358,"PPWS":0.7342817806,"FTR":0.1728395062,"REB%":13.6705399863,"OREB%":7.4113633639,"DREB%":20.2916930881,"AR":2.6412970653,"pAST%":10.9054227214,"TOR":4.2260753045,"AST\/TO":0.625,"PPR":-4.575230094,"USG%":22.4002049805,"aSP":34.4,"ORtg":74.9279592988,"DRtg":89.4184080427,"Floor%":37.7797623399,"Stop%":0.6943868872,"FFI":42.3393340936,"PIE":3.4841075795,"AV":1.1770097965},"T. Garcia":{"TEAM":"NU","SP":17.125,"GP":8.0,"MPG":10.3583333333,"EWA":0.0802633776,"PER":12.766855055,"WS":0.0860508023,"OWS":0.1070519668,"DWS":-0.0210011645,"EFF":2.75,"GmSc":1.6,"TS%":55.334846765,"EFG%":50.0,"PPWS":1.1066969353,"FTR":0.8076923077,"REB%":3.9565830948,"OREB%":2.1991031324,"DREB%":5.8157004527,"AR":5.9955105952,"pAST%":25.8208890993,"TOR":9.3263498148,"AST\/TO":0.6428571429,"PPR":-9.8908261197,"USG%":26.9665333492,"aSP":17.125,"ORtg":86.0709887759,"DRtg":99.838517384,"Floor%":44.0082115838,"Stop%":0.4577765528,"FFI":55.2236177882,"PIE":0.3667481663,"AV":0.4837240896},"N. Tulabut":{"TEAM":"NU","SP":11.5714285714,"GP":7.0,"MPG":5.9333333333,"EWA":0.1089718698,"PER":16.0936787722,"WS":0.0702648863,"OWS":0.0601136582,"DWS":0.0101512281,"EFF":2.7142857143,"GmSc":1.3,"TS%":47.6694915254,"EFG%":50.0,"PPWS":0.9533898305,"FTR":0.1111111111,"REB%":14.6604967277,"OREB%":13.1628500495,"DREB%":16.2447542981,"AR":7.9747669019,"pAST%":30.0217657801,"TOR":5.3165112679,"AST\/TO":1.5,"PPR":0.0,"USG%":14.6855232865,"aSP":11.5714285714,"ORtg":91.5732495325,"DRtg":96.1737716633,"Floor%":41.1878629017,"Stop%":0.5409922545,"FFI":47.9701088596,"PIE":1.2836185819,"AV":0.4333570897},"B. Parks":{"TEAM":"NU","SP":8.75,"GP":8.0,"MPG":3.75625,"EWA":0.0371955236,"PER":13.307953495,"WS":0.0515804737,"OWS":0.0162184312,"DWS":0.0353620425,"EFF":1.25,"GmSc":0.7,"TS%":44.3786982249,"EFG%":40.0,"PPWS":0.8875739645,"FTR":0.8,"REB%":10.9107771201,"OREB%":6.0643043674,"DREB%":16.0375278151,"AR":3.6740837714,"pAST%":13.0260276315,"TOR":3.6740837714,"AST\/TO":1.0,"PPR":-2.2729334196,"USG%":13.2295957837,"aSP":8.75,"ORtg":84.8878362159,"DRtg":89.3104495336,"Floor%":43.9555023685,"Stop%":0.6968383105,"FFI":53.2943399306,"PIE":0.7334963325,"AV":0.2677815834},"D. Lim":{"TEAM":"NU","SP":14.6,"GP":10.0,"MPG":13.3783333333,"EWA":-0.3753840349,"PER":5.1801202677,"WS":0.0301139132,"OWS":-0.015115366,"DWS":0.0452292792,"EFF":2.2,"GmSc":0.79,"TS%":33.5081585082,"EFG%":33.3333333333,"PPWS":0.6701631702,"FTR":0.0909090909,"REB%":7.002128939,"OREB%":1.3621453562,"DREB%":12.9682802469,"AR":1.6505227457,"pAST%":5.7753497245,"TOR":0.8252613729,"AST\/TO":2.0,"PPR":0.5105392993,"USG%":12.3205692022,"aSP":14.6,"ORtg":77.9080131602,"DRtg":95.484268239,"Floor%":30.1246585987,"Stop%":0.5566488691,"FFI":39.763083425,"PIE":0.7334963325,"AV":0.4837240896},"M. Diassana":{"TEAM":"NU","SP":6.0,"GP":1.0,"MPG":4.0666666667,"EWA":0.0234914872,"PER":22.4309563974,"WS":0.0179270431,"OWS":0.0090786009,"DWS":0.0088484422,"EFF":3.0,"GmSc":1.3,"TS%":0.0,"EFG%":0.0,"PPWS":0.0,"FTR":0.0,"REB%":23.035282374,"OREB%":22.405616341,"DREB%":23.7013628282,"AR":0.0,"pAST%":0.0,"TOR":0.0,"AST\/TO":null,"PPR":0.0,"USG%":0.0,"aSP":6.0,"ORtg":214.0851960151,"DRtg":81.9560521207,"Floor%":100.0,"Stop%":0.863835256,"FFI":29.4811232682,"PIE":0.1222493888,"AV":0.1085479551},"E. Dela Cruz":{"TEAM":"NU","SP":7.4,"GP":10.0,"MPG":3.5516666667,"EWA":-0.1079176019,"PER":4.7126031038,"WS":0.0088393139,"OWS":-0.0157556931,"DWS":0.024595007,"EFF":1.1,"GmSc":0.12,"TS%":28.5714285714,"EFG%":28.5714285714,"PPWS":0.5714285714,"FTR":0.0,"REB%":11.8689535649,"OREB%":7.6963449844,"DREB%":16.2828696296,"AR":6.2171497324,"pAST%":21.6089190813,"TOR":3.1085748662,"AST\/TO":2.0,"PPR":1.9230872621,"USG%":11.499984507,"aSP":7.4,"ORtg":74.3109212831,"DRtg":92.8753526948,"Floor%":35.744222706,"Stop%":0.6158897426,"FFI":37.1906967089,"PIE":-0.1833740831,"AV":0.2876240645},"K. Perciano":{"TEAM":"NU","SP":10.3,"GP":10.0,"MPG":7.0383333334,"EWA":-0.137922725,"PER":6.881216994,"WS":-0.0297907003,"OWS":-0.0280232499,"DWS":-0.0017674504,"EFF":1.6,"GmSc":0.48,"TS%":46.5029761905,"EFG%":46.1538461538,"PPWS":0.9300595238,"FTR":0.0769230769,"REB%":7.3202341809,"OREB%":3.8837109073,"DREB%":10.9554961499,"AR":0.7843207483,"pAST%":3.4908430822,"TOR":5.4902452379,"AST\/TO":0.1428571429,"PPR":-9.2190244087,