{"K. Padrones":{"TEAM":"NU","MINS":197.1166666666,"FGM":25.0,"FGA":47.0,"FG%":53.1914893617,"2PM":22.0,"2PA":39.0,"2P%":56.4102564103,"3PM":3.0,"3PA":8.0,"3P%":37.5,"FTM":10.0,"FTA":20.0,"FT%":50.0,"PTS":63.0,"OFF":28.0,"DEF":29.0,"REB":57.0,"AST":6.0,"TO":10.0,"STL":2.0,"BLK":7.0,"STK":9.0,"PF":24.0,"Fls on:":20.0,"+\/-":-60.0,"GW":2.0,"GP":10.0},"K. Perciano":{"TEAM":"NU","MINS":70.3833333335,"FGM":12.0,"FGA":26.0,"FG%":46.1538461538,"2PM":12.0,"2PA":26.0,"2P%":46.1538461538,"3PM":0.0,"3PA":0.0,"3P%":0.0,"FTM":1.0,"FTA":2.0,"FT%":50.0,"PTS":25.0,"OFF":3.0,"DEF":8.0,"REB":11.0,"AST":1.0,"TO":7.0,"STL":1.0,"BLK":0.0,"STK":1.0,"PF":14.0,"Fls on:":1.0,"+\/-":-42.0,"GW":2.0,"GP":10.0},"S. Enriquez":{"TEAM":"NU","MINS":183.0166666667,"FGM":22.0,"FGA":58.0,"FG%":37.9310344828,"2PM":8.0,"2PA":23.0,"2P%":34.7826086957,"3PM":14.0,"3PA":35.0,"3P%":40.0,"FTM":13.0,"FTA":16.0,"FT%":81.25,"PTS":71.0,"OFF":5.0,"DEF":12.0,"REB":17.0,"AST":25.0,"TO":9.0,"STL":8.0,"BLK":1.0,"STK":9.0,"PF":9.0,"Fls on:":16.0,"+\/-":8.0,"GW":2.0,"GP":10.0},"N. Tulabut":{"TEAM":"NU","MINS":41.5333333334,"FGM":4.0,"FGA":9.0,"FG%":44.4444444444,"2PM":3.0,"2PA":5.0,"2P%":60.0,"3PM":1.0,"3PA":4.0,"3P%":25.0,"FTM":0.0,"FTA":1.0,"FT%":0.0,"PTS":9.0,"OFF":6.0,"DEF":7.0,"REB":13.0,"AST":6.0,"TO":4.0,"STL":0.0,"BLK":1.0,"STK":1.0,"PF":5.0,"Fls on:":2.0,"+\/-":-6.0,"GW":1.0,"GP":7.0},"M. Diassana":{"TEAM":"NU","MINS":4.0666666667,"FGM":0.0,"FGA":0.0,"FG%":0.0,"2PM":0.0,"2PA":0.0,"2P%":0.0,"3PM":0.0,"3PA":0.0,"3P%":0.0,"FTM":0.0,"FTA":0.0,"FT%":0.0,"PTS":0.0,"OFF":1.0,"DEF":1.0,"REB":2.0,"AST":0.0,"TO":0.0,"STL":0.0,"BLK":1.0,"STK":1.0,"PF":1.0,"Fls on:":0.0,"+\/-":-1.0,"GW":0.0,"GP":1.0},"J. Figueroa":{"TEAM":"NU","MINS":303.2,"FGM":40.0,"FGA":105.0,"FG%":38.0952380952,"2PM":34.0,"2PA":79.0,"2P%":43.0379746835,"3PM":6.0,"3PA":26.0,"3P%":23.0769230769,"FTM":22.0,"FTA":32.0,"FT%":68.75,"PTS":108.0,"OFF":15.0,"DEF":56.0,"REB":71.0,"AST":27.0,"TO":30.0,"STL":9.0,"BLK":2.0,"STK":11.0,"PF":28.0,"Fls on:":41.0,"+\/-":-38.0,"GW":2.0,"GP":10.0},"B. Parks":{"TEAM":"NU","MINS":30.05,"FGM":2.0,"FGA":5.0,"FG%":40.0,"2PM":2.0,"2PA":3.0,"2P%":66.6666666667,"3PM":0.0,"3PA":2.0,"3P%":0.0,"FTM":2.0,"FTA":4.0,"FT%":50.0,"PTS":6.0,"OFF":2.0,"DEF":5.0,"REB":7.0,"AST":2.0,"TO":2.0,"STL":2.0,"BLK":0.0,"STK":2.0,"PF":3.0,"Fls on:":2.0,"+\/-":11.0,"GW":2.0,"GP":8.0},"R. Jumamoy":{"TEAM":"NU","MINS":135.0833333334,"FGM":16.0,"FGA":76.0,"FG%":21.0526315789,"2PM":7.0,"2PA":35.0,"2P%":20.0,"3PM":9.0,"3PA":41.0,"3P%":21.9512195122,"FTM":12.0,"FTA":13.0,"FT%":92.3076923077,"PTS":53.0,"OFF":6.0,"DEF":9.0,"REB":15.0,"AST":11.0,"TO":14.0,"STL":8.0,"BLK":1.0,"STK":9.0,"PF":13.0,"Fls on:":18.0,"+\/-":-44.0,"GW":2.0,"GP":10.0},"D. Lim":{"TEAM":"NU","MINS":133.7833333333,"FGM":8.0,"FGA":33.0,"FG%":24.2424242424,"2PM":2.0,"2PA":12.0,"2P%":16.6666666667,"3PM":6.0,"3PA":21.0,"3P%":28.5714285714,"FTM":1.0,"FTA":3.0,"FT%":33.3333333333,"PTS":23.0,"OFF":2.0,"DEF":18.0,"REB":20.0,"AST":4.0,"TO":2.0,"STL":4.0,"BLK":0.0,"STK":4.0,"PF":15.0,"Fls on:":6.0,"+\/-":-39.0,"GW":2.0,"GP":10.0},"E. Dela Cruz":{"TEAM":"NU","MINS":35.5166666667,"FGM":2.0,"FGA":7.0,"FG%":28.5714285714,"2PM":2.0,"2PA":7.0,"2P%":28.5714285714,"3PM":0.0,"3PA":0.0,"3P%":0.0,"FTM":0.0,"FTA":0.0,"FT%":0.0,"PTS":4.0,"OFF":3.0,"DEF":6.0,"REB":9.0,"AST":4.0,"TO":2.0,"STL":1.0,"BLK":0.0,"STK":1.0,"PF":11.0,"Fls on:":0.0,"+\/-":-15.0,"GW":2.0,"GP":10.0},"J. Garcia":{"TEAM":"NU","MINS":22.9,"FGM":3.0,"FGA":10.0,"FG%":30.0,"2PM":3.0,"2PA":10.0,"2P%":30.0,"3PM":0.0,"3PA":0.0,"3P%":0.0,"FTM":1.0,"FTA":2.0,"FT%":50.0,"PTS":7.0,"OFF":1.0,"DEF":3.0,"REB":4.0,"AST":2.0,"TO":2.0,"STL":0.0,"BLK":0.0,"STK":0.0,"PF":3.0,"Fls on:":2.0,"+\/-":3.0,"GW":1.0,"GP":2.0},"P. Palacielo":{"TEAM":"NU","MINS":209.0,"FGM":29.0,"FGA":81.0,"FG%":35.8024691358,"2PM":29.0,"2PA":79.0,"2P%":36.7088607595,"3PM":0.0,"3PA":2.0,"3P%":0.0,"FTM":6.0,"FTA":14.0,"FT%":42.8571428571,"PTS":64.0,"OFF":17.0,"DEF":44.0,"REB":61.0,"AST":10.0,"TO":16.0,"STL":7.0,"BLK":6.0,"STK":13.0,"PF":32.0,"Fls on:":18.0,"+\/-":-7.0,"GW":2.0,"GP":10.0},"P. Yu":{"TEAM":"NU","MINS":132.3666666667,"FGM":3.0,"FGA":33.0,"FG%":9.0909090909,"2PM":2.0,"2PA":11.0,"2P%":18.1818181818,"3PM":1.0,"3PA":22.0,"3P%":4.5454545455,"FTM":7.0,"FTA":11.0,"FT%":63.6363636364,"PTS":14.0,"OFF":8.0,"DEF":15.0,"REB":23.0,"AST":9.0,"TO":4.0,"STL":1.0,"BLK":0.0,"STK":1.0,"PF":9.0,"Fls on:":7.0,"+\/-":-14.0,"GW":2.0,"GP":10.0},"T. Garcia":{"TEAM":"NU","MINS":82.8666666667,"FGM":13.0,"FGA":26.0,"FG%":50.0,"2PM":13.0,"2PA":25.0,"2P%":52.0,"3PM":0.0,"3PA":1.0,"3P%":0.0,"FTM":13.0,"FTA":21.0,"FT%":61.9047619048,"PTS":39.0,"OFF":2.0,"DEF":5.0,"REB":7.0,"AST":9.0,"TO":14.0,"STL":2.0,"BLK":0.0,"STK":2.0,"PF":18.0,"Fls on:":14.0,"+\/-":-24.0,"GW":1.0,"GP":8.0},"P. Francisco":{"TEAM":"NU","MINS":105.8999999999,"FGM":15.0,"FGA":41.0,"FG%":36.5853658537,"2PM":9.0,"2PA":20.0,"2P%":45.0,"3PM":6.0,"3PA":21.0,"3P%":28.5714285714,"FTM":0.0,"FTA":0.0,"FT%":0.0,"PTS":36.0,"OFF":8.0,"DEF":8.0,"REB":16.0,"AST":6.0,"TO":5.0,"STL":8.0,"BLK":2.0,"STK":10.0,"PF":9.0,"Fls on:":4.0,"+\/-":8.0,"GW":2.0,"GP":10.0},"G. Santiago":{"TEAM":"NU","MINS":82.8333333334,"FGM":4.0,"FGA":25.0,"FG%":16.0,"2PM":1.0,"2PA":9.0,"2P%":11.1111111111,"3PM":3.0,"3PA":16.0,"3P%":18.75,"FTM":11.0,"FTA":14.0,"FT%":78.5714285714,"PTS":22.0,"OFF":6.0,"DEF":12.0,"REB":18.0,"AST":2.0,"TO":3.0,"STL":4.0,"BLK":1.0,"STK":5.0,"PF":14.0,"Fls on:":11.0,"+\/-":-15.0,"GW":2.0,"GP":10.0},"I. Manansala":{"TEAM":"NU","MINS":229.2999999999,"FGM":33.0,"FGA":82.0,"FG%":40.243902439,"2PM":31.0,"2PA":64.0,"2P%":48.4375,"3PM":2.0,"3PA":18.0,"3P%":11.1111111111,"FTM":22.0,"FTA":32.0,"FT%":68.75,"PTS":90.0,"OFF":24.0,"DEF":37.0,"REB":61.0,"AST":11.0,"TO":12.0,"STL":7.0,"BLK":0.0,"STK":7.0,"PF":19.0,"Fls on:":37.0,"+\/-":5.0,"GW":2.0,"GP":10.0}}