{"J. Figueroa":{"TEAM":"NU","MINS":30.32,"FGM":4.0,"FGA":10.5,"FG%":38.0952380952,"2PM":3.4,"2PA":7.9,"2P%":43.0379746835,"3PM":0.6,"3PA":2.6,"3P%":23.0769230769,"FTM":2.2,"FTA":3.2,"FT%":68.75,"PTS":10.8,"OFF":1.5,"DEF":5.6,"REB":7.1,"AST":2.7,"TO":3.0,"STL":0.9,"BLK":0.2,"STK":1.1,"PF":2.8,"Fls on:":4.1,"+\/-":-3.8,"GW":2.0,"GP":10.0},"I. Manansala":{"TEAM":"NU","MINS":22.93,"FGM":3.3,"FGA":8.2,"FG%":40.243902439,"2PM":3.1,"2PA":6.4,"2P%":48.4375,"3PM":0.2,"3PA":1.8,"3P%":11.1111111111,"FTM":2.2,"FTA":3.2,"FT%":68.75,"PTS":9.0,"OFF":2.4,"DEF":3.7,"REB":6.1,"AST":1.1,"TO":1.2,"STL":0.7,"BLK":0.0,"STK":0.7,"PF":1.9,"Fls on:":3.7,"+\/-":0.5,"GW":2.0,"GP":10.0},"S. Enriquez":{"TEAM":"NU","MINS":18.3016666667,"FGM":2.2,"FGA":5.8,"FG%":37.9310344828,"2PM":0.8,"2PA":2.3,"2P%":34.7826086957,"3PM":1.4,"3PA":3.5,"3P%":40.0,"FTM":1.3,"FTA":1.6,"FT%":81.25,"PTS":7.1,"OFF":0.5,"DEF":1.2,"REB":1.7,"AST":2.5,"TO":0.9,"STL":0.8,"BLK":0.1,"STK":0.9,"PF":0.9,"Fls on:":1.6,"+\/-":0.8,"GW":2.0,"GP":10.0},"P. Palacielo":{"TEAM":"NU","MINS":20.9,"FGM":2.9,"FGA":8.1,"FG%":35.8024691358,"2PM":2.9,"2PA":7.9,"2P%":36.7088607595,"3PM":0.0,"3PA":0.2,"3P%":0.0,"FTM":0.6,"FTA":1.4,"FT%":42.8571428571,"PTS":6.4,"OFF":1.7,"DEF":4.4,"REB":6.1,"AST":1.0,"TO":1.6,"STL":0.7,"BLK":0.6,"STK":1.3,"PF":3.2,"Fls on:":1.8,"+\/-":-0.7,"GW":2.0,"GP":10.0},"K. Padrones":{"TEAM":"NU","MINS":19.7116666667,"FGM":2.5,"FGA":4.7,"FG%":53.1914893617,"2PM":2.2,"2PA":3.9,"2P%":56.4102564103,"3PM":0.3,"3PA":0.8,"3P%":37.5,"FTM":1.0,"FTA":2.0,"FT%":50.0,"PTS":6.3,"OFF":2.8,"DEF":2.9,"REB":5.7,"AST":0.6,"TO":1.0,"STL":0.2,"BLK":0.7,"STK":0.9,"PF":2.4,"Fls on:":2.0,"+\/-":-6.0,"GW":2.0,"GP":10.0},"R. Jumamoy":{"TEAM":"NU","MINS":13.5083333333,"FGM":1.6,"FGA":7.6,"FG%":21.0526315789,"2PM":0.7,"2PA":3.5,"2P%":20.0,"3PM":0.9,"3PA":4.1,"3P%":21.9512195122,"FTM":1.2,"FTA":1.3,"FT%":92.3076923077,"PTS":5.3,"OFF":0.6,"DEF":0.9,"REB":1.5,"AST":1.1,"TO":1.4,"STL":0.8,"BLK":0.1,"STK":0.9,"PF":1.3,"Fls on:":1.8,"+\/-":-4.4,"GW":2.0,"GP":10.0},"T. Garcia":{"TEAM":"NU","MINS":10.3583333333,"FGM":1.625,"FGA":3.25,"FG%":50.0,"2PM":1.625,"2PA":3.125,"2P%":52.0,"3PM":0.0,"3PA":0.125,"3P%":0.0,"FTM":1.625,"FTA":2.625,"FT%":61.9047619048,"PTS":4.875,"OFF":0.25,"DEF":0.625,"REB":0.875,"AST":1.125,"TO":1.75,"STL":0.25,"BLK":0.0,"STK":0.25,"PF":2.25,"Fls on:":1.75,"+\/-":-3.0,"GW":1.0,"GP":8.0},"P. Francisco":{"TEAM":"NU","MINS":10.59,"FGM":1.5,"FGA":4.1,"FG%":36.5853658537,"2PM":0.9,"2PA":2.0,"2P%":45.0,"3PM":0.6,"3PA":2.1,"3P%":28.5714285714,"FTM":0.0,"FTA":0.0,"FT%":0.0,"PTS":3.6,"OFF":0.8,"DEF":0.8,"REB":1.6,"AST":0.6,"TO":0.5,"STL":0.8,"BLK":0.2,"STK":1.0,"PF":0.9,"Fls on:":0.4,"+\/-":0.8,"GW":2.0,"GP":10.0},"J. Garcia":{"TEAM":"NU","MINS":11.45,"FGM":1.5,"FGA":5.0,"FG%":30.0,"2PM":1.5,"2PA":5.0,"2P%":30.0,"3PM":0.0,"3PA":0.0,"3P%":0.0,"FTM":0.5,"FTA":1.0,"FT%":50.0,"PTS":3.5,"OFF":0.5,"DEF":1.5,"REB":2.0,"AST":1.0,"TO":1.0,"STL":0.0,"BLK":0.0,"STK":0.0,"PF":1.5,"Fls on:":1.0,"+\/-":1.5,"GW":1.0,"GP":2.0},"K. Perciano":{"TEAM":"NU","MINS":7.0383333334,"FGM":1.2,"FGA":2.6,"FG%":46.1538461538,"2PM":1.2,"2PA":2.6,"2P%":46.1538461538,"3PM":0.0,"3PA":0.0,"3P%":0.0,"FTM":0.1,"FTA":0.2,"FT%":50.0,"PTS":2.5,"OFF":0.3,"DEF":0.8,"REB":1.1,"AST":0.1,"TO":0.7,"STL":0.1,"BLK":0.0,"STK":0.1,"PF":1.4,"Fls on:":0.1,"+\/-":-4.2,"GW":2.0,"GP":10.0},"D. Lim":{"TEAM":"NU","MINS":13.3783333333,"FGM":0.8,"FGA":3.3,"FG%":24.2424242424,"2PM":0.2,"2PA":1.2,"2P%":16.6666666667,"3PM":0.6,"3PA":2.1,"3P%":28.5714285714,"FTM":0.1,"FTA":0.3,"FT%":33.3333333333,"PTS":2.3,"OFF":0.2,"DEF":1.8,"REB":2.0,"AST":0.4,"TO":0.2,"STL":0.4,"BLK":0.0,"STK":0.4,"PF":1.5,"Fls on:":0.6,"+\/-":-3.9,"GW":2.0,"GP":10.0},"G. Santiago":{"TEAM":"NU","MINS":8.2833333333,"FGM":0.4,"FGA":2.5,"FG%":16.0,"2PM":0.1,"2PA":0.9,"2P%":11.1111111111,"3PM":0.3,"3PA":1.6,"3P%":18.75,"FTM":1.1,"FTA":1.4,"FT%":78.5714285714,"PTS":2.2,"OFF":0.6,"DEF":1.2,"REB":1.8,"AST":0.2,"TO":0.3,"STL":0.4,"BLK":0.1,"STK":0.5,"PF":1.4,"Fls on:":1.1,"+\/-":-1.5,"GW":2.0,"GP":10.0},"P. Yu":{"TEAM":"NU","MINS":13.2366666667,"FGM":0.3,"FGA":3.3,"FG%":9.0909090909,"2PM":0.2,"2PA":1.1,"2P%":18.1818181818,"3PM":0.1,"3PA":2.2,"3P%":4.5454545455,"FTM":0.7,"FTA":1.1,"FT%":63.6363636364,"PTS":1.4,"OFF":0.8,"DEF":1.5,"REB":2.3,"AST":0.9,"TO":0.4,"STL":0.1,"BLK":0.0,"STK":0.1,"PF":0.9,"Fls on:":0.7,"+\/-":-1.4,"GW":2.0,"GP":10.0},"N. Tulabut":{"TEAM":"NU","MINS":5.9333333333,"FGM":0.5714285714,"FGA":1.2857142857,"FG%":44.4444444444,"2PM":0.4285714286,"2PA":0.7142857143,"2P%":60.0,"3PM":0.1428571429,"3PA":0.5714285714,"3P%":25.0,"FTM":0.0,"FTA":0.1428571429,"FT%":0.0,"PTS":1.2857142857,"OFF":0.8571428571,"DEF":1.0,"REB":1.8571428571,"AST":0.8571428571,"TO":0.5714285714,"STL":0.0,"BLK":0.1428571429,"STK":0.1428571429,"PF":0.7142857143,"Fls on:":0.2857142857,"+\/-":-0.8571428571,"GW":1.0,"GP":7.0},"B. Parks":{"TEAM":"NU","MINS":3.75625,"FGM":0.25,"FGA":0.625,"FG%":40.0,"2PM":0.25,"2PA":0.375,"2P%":66.6666666667,"3PM":0.0,"3PA":0.25,"3P%":0.0,"FTM":0.25,"FTA":0.5,"FT%":50.0,"PTS":0.75,"OFF":0.25,"DEF":0.625,"REB":0.875,"AST":0.25,"TO":0.25,"STL":0.25,"BLK":0.0,"STK":0.25,"PF":0.375,"Fls on:":0.25,"+\/-":1.375,"GW":2.0,"GP":8.0},"E. Dela Cruz":{"TEAM":"NU","MINS":3.5516666667,"FGM":0.2,"FGA":0.7,"FG%":28.5714285714,"2PM":0.2,"2PA":0.7,"2P%":28.5714285714,"3PM":0.0,"3PA":0.0,"3P%":0.0,"FTM":0.0,"FTA":0.0,"FT%":0.0,"PTS":0.4,"OFF":0.3,"DEF":0.6,"REB":0.9,"AST":0.4,"TO":0.2,"STL":0.1,"BLK":0.0,"STK":0.1,"PF":1.1,"Fls on:":0.0,"+\/-":-1.5,"GW":2.0,"GP":10.0},"M. Diassana":{"TEAM":"NU","MINS":4.0666666667,"FGM":0.0,"FGA":0.0,"FG%":0.0,"2PM":0.0,"2PA":0.0,"2P%":0.0,"3PM":0.0,"3PA":0.0,"3P%":0.0,"FTM":0.0,"FTA":0.0,"FT%":0.0,"PTS":0.0,"OFF":1.0,"DEF":1.0,"REB":2.0,"AST":0.0,"TO":0.0,"STL":0.0,"BLK":1.0,"STK":1.0,"PF":1.0,"Fls on:":0.0,"+\/-":-1.0,"GW":0.0,"GP":1.0}}