{"R. Finney":{"TEAM":"UE","MINS":1.4166666667,"FGM":0.0,"FGA":1.0,"FG%":0.0,"2PM":0.0,"2PA":1.0,"2P%":0.0,"3PM":0.0,"3PA":0.0,"3P%":0.0,"FTM":0.0,"FTA":0.0,"FT%":0.0,"PTS":0.0,"OFF":0.0,"DEF":0.0,"REB":0.0,"AST":0.0,"TO":0.0,"STL":1.0,"BLK":0.0,"STK":1.0,"PF":0.0,"Fls on:":0.0,"+\/-":2.0,"GW":1.0,"GP":1.0},"R. Go":{"TEAM":"UE","MINS":10.3833333334,"FGM":0.0,"FGA":1.0,"FG%":0.0,"2PM":0.0,"2PA":1.0,"2P%":0.0,"3PM":0.0,"3PA":0.0,"3P%":0.0,"FTM":0.0,"FTA":0.0,"FT%":0.0,"PTS":0.0,"OFF":0.0,"DEF":1.0,"REB":1.0,"AST":0.0,"TO":0.0,"STL":0.0,"BLK":0.0,"STK":0.0,"PF":2.0,"Fls on:":0.0,"+\/-":-11.0,"GW":2.0,"GP":3.0},"N. Mulingtapang":{"TEAM":"UE","MINS":114.35,"FGM":6.0,"FGA":21.0,"FG%":28.5714285714,"2PM":5.0,"2PA":13.0,"2P%":38.4615384615,"3PM":1.0,"3PA":8.0,"3P%":12.5,"FTM":11.0,"FTA":14.0,"FT%":78.5714285714,"PTS":24.0,"OFF":2.0,"DEF":4.0,"REB":6.0,"AST":18.0,"TO":8.0,"STL":3.0,"BLK":0.0,"STK":3.0,"PF":10.0,"Fls on:":15.0,"+\/-":8.0,"GW":6.0,"GP":9.0},"P. Momowei":{"TEAM":"UE","MINS":314.2500000001,"FGM":40.0,"FGA":102.0,"FG%":39.2156862745,"2PM":39.0,"2PA":97.0,"2P%":40.206185567,"3PM":1.0,"3PA":5.0,"3P%":20.0,"FTM":38.0,"FTA":84.0,"FT%":45.2380952381,"PTS":119.0,"OFF":27.0,"DEF":92.0,"REB":119.0,"AST":17.0,"TO":39.0,"STL":9.0,"BLK":10.0,"STK":19.0,"PF":27.0,"Fls on:":86.0,"+\/-":32.0,"GW":6.0,"GP":9.0},"J. Jimenez":{"TEAM":"UE","MINS":14.0833333334,"FGM":0.0,"FGA":4.0,"FG%":0.0,"2PM":0.0,"2PA":3.0,"2P%":0.0,"3PM":0.0,"3PA":1.0,"3P%":0.0,"FTM":0.0,"FTA":0.0,"FT%":0.0,"PTS":0.0,"OFF":1.0,"DEF":0.0,"REB":1.0,"AST":1.0,"TO":0.0,"STL":1.0,"BLK":0.0,"STK":1.0,"PF":2.0,"Fls on:":1.0,"+\/-":-6.0,"GW":3.0,"GP":3.0},"R. Malaga III":{"TEAM":"UE","MINS":30.9000000001,"FGM":2.0,"FGA":5.0,"FG%":40.0,"2PM":2.0,"2PA":3.0,"2P%":66.6666666667,"3PM":0.0,"3PA":2.0,"3P%":0.0,"FTM":2.0,"FTA":2.0,"FT%":100.0,"PTS":6.0,"OFF":1.0,"DEF":3.0,"REB":4.0,"AST":0.0,"TO":2.0,"STL":1.0,"BLK":1.0,"STK":2.0,"PF":14.0,"Fls on:":2.0,"+\/-":-6.0,"GW":3.0,"GP":6.0},"K. Spandonis":{"TEAM":"UE","MINS":16.7833333333,"FGM":0.0,"FGA":2.0,"FG%":0.0,"2PM":0.0,"2PA":2.0,"2P%":0.0,"3PM":0.0,"3PA":0.0,"3P%":0.0,"FTM":2.0,"FTA":3.0,"FT%":66.6666666667,"PTS":2.0,"OFF":0.0,"DEF":0.0,"REB":0.0,"AST":1.0,"TO":0.0,"STL":1.0,"BLK":0.0,"STK":1.0,"PF":6.0,"Fls on:":1.0,"+\/-":7.0,"GW":4.0,"GP":5.0},"D. Fikes":{"TEAM":"UE","MINS":166.7166666665,"FGM":16.0,"FGA":45.0,"FG%":35.5555555556,"2PM":10.0,"2PA":20.0,"2P%":50.0,"3PM":6.0,"3PA":25.0,"3P%":24.0,"FTM":10.0,"FTA":17.0,"FT%":58.8235294118,"PTS":48.0,"OFF":10.0,"DEF":20.0,"REB":30.0,"AST":12.0,"TO":17.0,"STL":6.0,"BLK":3.0,"STK":9.0,"PF":25.0,"Fls on:":14.0,"+\/-":-9.0,"GW":6.0,"GP":9.0},"D. Robles":{"TEAM":"UE","MINS":7.1000000001,"FGM":1.0,"FGA":2.0,"FG%":50.0,"2PM":1.0,"2PA":2.0,"2P%":50.0,"3PM":0.0,"3PA":0.0,"3P%":0.0,"FTM":0.0,"FTA":0.0,"FT%":0.0,"PTS":2.0,"OFF":1.0,"DEF":0.0,"REB":1.0,"AST":0.0,"TO":0.0,"STL":0.0,"BLK":1.0,"STK":1.0,"PF":0.0,"Fls on:":0.0,"+\/-":2.0,"GW":3.0,"GP":4.0},"E. Galang":{"TEAM":"UE","MINS":207.0000000001,"FGM":22.0,"FGA":62.0,"FG%":35.4838709677,"2PM":7.0,"2PA":17.0,"2P%":41.1764705882,"3PM":15.0,"3PA":45.0,"3P%":33.3333333333,"FTM":6.0,"FTA":8.0,"FT%":75.0,"PTS":65.0,"OFF":3.0,"DEF":23.0,"REB":26.0,"AST":12.0,"TO":7.0,"STL":9.0,"BLK":5.0,"STK":14.0,"PF":21.0,"Fls on:":13.0,"+\/-":6.0,"GW":5.0,"GP":8.0},"H. Cruz-Dumont":{"TEAM":"UE","MINS":35.8666666666,"FGM":0.0,"FGA":4.0,"FG%":0.0,"2PM":0.0,"2PA":4.0,"2P%":0.0,"3PM":0.0,"3PA":0.0,"3P%":0.0,"FTM":0.0,"FTA":0.0,"FT%":0.0,"PTS":0.0,"OFF":2.0,"DEF":5.0,"REB":7.0,"AST":2.0,"TO":5.0,"STL":1.0,"BLK":0.0,"STK":1.0,"PF":10.0,"Fls on:":1.0,"+\/-":-11.0,"GW":3.0,"GP":6.0},"J. Abate":{"TEAM":"UE","MINS":215.9166666667,"FGM":26.0,"FGA":60.0,"FG%":43.3333333333,"2PM":20.0,"2PA":42.0,"2P%":47.619047619,"3PM":6.0,"3PA":18.0,"3P%":33.3333333333,"FTM":17.0,"FTA":23.0,"FT%":73.9130434783,"PTS":75.0,"OFF":12.0,"DEF":21.0,"REB":33.0,"AST":17.0,"TO":15.0,"STL":5.0,"BLK":1.0,"STK":6.0,"PF":25.0,"Fls on:":18.0,"+\/-":-5.0,"GW":6.0,"GP":9.0},"R. Maga":{"TEAM":"UE","MINS":173.8833333333,"FGM":27.0,"FGA":61.0,"FG%":44.262295082,"2PM":20.0,"2PA":47.0,"2P%":42.5531914894,"3PM":7.0,"3PA":14.0,"3P%":50.0,"FTM":2.0,"FTA":2.0,"FT%":100.0,"PTS":63.0,"OFF":5.0,"DEF":12.0,"REB":17.0,"AST":12.0,"TO":11.0,"STL":6.0,"BLK":0.0,"STK":6.0,"PF":12.0,"Fls on:":8.0,"+\/-":10.0,"GW":6.0,"GP":9.0},"G. Wilson":{"TEAM":"UE","MINS":114.9666666666,"FGM":18.0,"FGA":38.0,"FG%":47.3684210526,"2PM":15.0,"2PA":29.0,"2P%":51.724137931,"3PM":3.0,"3PA":9.0,"3P%":33.3333333333,"FTM":14.0,"FTA":18.0,"FT%":77.7777777778,"PTS":53.0,"OFF":4.0,"DEF":7.0,"REB":11.0,"AST":12.0,"TO":11.0,"STL":5.0,"BLK":0.0,"STK":5.0,"PF":4.0,"Fls on:":13.0,"+\/-":10.0,"GW":6.0,"GP":9.0},"J. Cruz-Dumont":{"TEAM":"UE","MINS":172.0833333333,"FGM":13.0,"FGA":44.0,"FG%":29.5454545455,"2PM":5.0,"2PA":23.0,"2P%":21.7391304348,"3PM":8.0,"3PA":21.0,"3P%":38.0952380952,"FTM":10.0,"FTA":12.0,"FT%":83.3333333333,"PTS":44.0,"OFF":6.0,"DEF":25.0,"REB":31.0,"AST":16.0,"TO":5.0,"STL":6.0,"BLK":3.0,"STK":9.0,"PF":15.0,"Fls on:":10.0,"+\/-":-43.0,"GW":6.0,"GP":9.0},"W. Lingolingo":{"TEAM":"UE","MINS":203.5166666667,"FGM":28.0,"FGA":71.0,"FG%":39.4366197183,"2PM":9.0,"2PA":21.0,"2P%":42.8571428571,"3PM":19.0,"3PA":50.0,"3P%":38.0,"FTM":12.0,"FTA":14.0,"FT%":85.7142857143,"PTS":87.0,"OFF":12.0,"DEF":30.0,"REB":42.0,"AST":5.0,"TO":8.0,"STL":14.0,"BLK":1.0,"STK":15.0,"PF":23.0,"Fls on:":15.0,"+\/-":39.0,"GW":6.0,"GP":9.0}}