{"P. Momowei":{"TEAM":"UE","MINS":34.9166666667,"FGM":4.4444444444,"FGA":11.3333333333,"FG%":39.2156862745,"2PM":4.3333333333,"2PA":10.7777777778,"2P%":40.206185567,"3PM":0.1111111111,"3PA":0.5555555556,"3P%":20.0,"FTM":4.2222222222,"FTA":9.3333333333,"FT%":45.2380952381,"PTS":13.2222222222,"OFF":3.0,"DEF":10.2222222222,"REB":13.2222222222,"AST":1.8888888889,"TO":4.3333333333,"STL":1.0,"BLK":1.1111111111,"STK":2.1111111111,"PF":3.0,"Fls on:":9.5555555556,"+\/-":3.5555555556,"GW":6.0,"GP":9.0},"W. Lingolingo":{"TEAM":"UE","MINS":22.612962963,"FGM":3.1111111111,"FGA":7.8888888889,"FG%":39.4366197183,"2PM":1.0,"2PA":2.3333333333,"2P%":42.8571428571,"3PM":2.1111111111,"3PA":5.5555555556,"3P%":38.0,"FTM":1.3333333333,"FTA":1.5555555556,"FT%":85.7142857143,"PTS":9.6666666667,"OFF":1.3333333333,"DEF":3.3333333333,"REB":4.6666666667,"AST":0.5555555556,"TO":0.8888888889,"STL":1.5555555556,"BLK":0.1111111111,"STK":1.6666666667,"PF":2.5555555556,"Fls on:":1.6666666667,"+\/-":4.3333333333,"GW":6.0,"GP":9.0},"J. Abate":{"TEAM":"UE","MINS":23.9907407407,"FGM":2.8888888889,"FGA":6.6666666667,"FG%":43.3333333333,"2PM":2.2222222222,"2PA":4.6666666667,"2P%":47.619047619,"3PM":0.6666666667,"3PA":2.0,"3P%":33.3333333333,"FTM":1.8888888889,"FTA":2.5555555556,"FT%":73.9130434783,"PTS":8.3333333333,"OFF":1.3333333333,"DEF":2.3333333333,"REB":3.6666666667,"AST":1.8888888889,"TO":1.6666666667,"STL":0.5555555556,"BLK":0.1111111111,"STK":0.6666666667,"PF":2.7777777778,"Fls on:":2.0,"+\/-":-0.5555555556,"GW":6.0,"GP":9.0},"E. Galang":{"TEAM":"UE","MINS":25.875,"FGM":2.75,"FGA":7.75,"FG%":35.4838709677,"2PM":0.875,"2PA":2.125,"2P%":41.1764705882,"3PM":1.875,"3PA":5.625,"3P%":33.3333333333,"FTM":0.75,"FTA":1.0,"FT%":75.0,"PTS":8.125,"OFF":0.375,"DEF":2.875,"REB":3.25,"AST":1.5,"TO":0.875,"STL":1.125,"BLK":0.625,"STK":1.75,"PF":2.625,"Fls on:":1.625,"+\/-":0.75,"GW":5.0,"GP":8.0},"R. Maga":{"TEAM":"UE","MINS":19.3203703704,"FGM":3.0,"FGA":6.7777777778,"FG%":44.262295082,"2PM":2.2222222222,"2PA":5.2222222222,"2P%":42.5531914894,"3PM":0.7777777778,"3PA":1.5555555556,"3P%":50.0,"FTM":0.2222222222,"FTA":0.2222222222,"FT%":100.0,"PTS":7.0,"OFF":0.5555555556,"DEF":1.3333333333,"REB":1.8888888889,"AST":1.3333333333,"TO":1.2222222222,"STL":0.6666666667,"BLK":0.0,"STK":0.6666666667,"PF":1.3333333333,"Fls on:":0.8888888889,"+\/-":1.1111111111,"GW":6.0,"GP":9.0},"G. Wilson":{"TEAM":"UE","MINS":12.7740740741,"FGM":2.0,"FGA":4.2222222222,"FG%":47.3684210526,"2PM":1.6666666667,"2PA":3.2222222222,"2P%":51.724137931,"3PM":0.3333333333,"3PA":1.0,"3P%":33.3333333333,"FTM":1.5555555556,"FTA":2.0,"FT%":77.7777777778,"PTS":5.8888888889,"OFF":0.4444444444,"DEF":0.7777777778,"REB":1.2222222222,"AST":1.3333333333,"TO":1.2222222222,"STL":0.5555555556,"BLK":0.0,"STK":0.5555555556,"PF":0.4444444444,"Fls on:":1.4444444444,"+\/-":1.1111111111,"GW":6.0,"GP":9.0},"D. Fikes":{"TEAM":"UE","MINS":18.5240740741,"FGM":1.7777777778,"FGA":5.0,"FG%":35.5555555556,"2PM":1.1111111111,"2PA":2.2222222222,"2P%":50.0,"3PM":0.6666666667,"3PA":2.7777777778,"3P%":24.0,"FTM":1.1111111111,"FTA":1.8888888889,"FT%":58.8235294118,"PTS":5.3333333333,"OFF":1.1111111111,"DEF":2.2222222222,"REB":3.3333333333,"AST":1.3333333333,"TO":1.8888888889,"STL":0.6666666667,"BLK":0.3333333333,"STK":1.0,"PF":2.7777777778,"Fls on:":1.5555555556,"+\/-":-1.0,"GW":6.0,"GP":9.0},"J. Cruz-Dumont":{"TEAM":"UE","MINS":19.1203703704,"FGM":1.4444444444,"FGA":4.8888888889,"FG%":29.5454545455,"2PM":0.5555555556,"2PA":2.5555555556,"2P%":21.7391304348,"3PM":0.8888888889,"3PA":2.3333333333,"3P%":38.0952380952,"FTM":1.1111111111,"FTA":1.3333333333,"FT%":83.3333333333,"PTS":4.8888888889,"OFF":0.6666666667,"DEF":2.7777777778,"REB":3.4444444444,"AST":1.7777777778,"TO":0.5555555556,"STL":0.6666666667,"BLK":0.3333333333,"STK":1.0,"PF":1.6666666667,"Fls on:":1.1111111111,"+\/-":-4.7777777778,"GW":6.0,"GP":9.0},"N. Mulingtapang":{"TEAM":"UE","MINS":12.7055555556,"FGM":0.6666666667,"FGA":2.3333333333,"FG%":28.5714285714,"2PM":0.5555555556,"2PA":1.4444444444,"2P%":38.4615384615,"3PM":0.1111111111,"3PA":0.8888888889,"3P%":12.5,"FTM":1.2222222222,"FTA":1.5555555556,"FT%":78.5714285714,"PTS":2.6666666667,"OFF":0.2222222222,"DEF":0.4444444444,"REB":0.6666666667,"AST":2.0,"TO":0.8888888889,"STL":0.3333333333,"BLK":0.0,"STK":0.3333333333,"PF":1.1111111111,"Fls on:":1.6666666667,"+\/-":0.8888888889,"GW":6.0,"GP":9.0},"R. Malaga III":{"TEAM":"UE","MINS":5.15,"FGM":0.3333333333,"FGA":0.8333333333,"FG%":40.0,"2PM":0.3333333333,"2PA":0.5,"2P%":66.6666666667,"3PM":0.0,"3PA":0.3333333333,"3P%":0.0,"FTM":0.3333333333,"FTA":0.3333333333,"FT%":100.0,"PTS":1.0,"OFF":0.1666666667,"DEF":0.5,"REB":0.6666666667,"AST":0.0,"TO":0.3333333333,"STL":0.1666666667,"BLK":0.1666666667,"STK":0.3333333333,"PF":2.3333333333,"Fls on:":0.3333333333,"+\/-":-1.0,"GW":3.0,"GP":6.0},"D. Robles":{"TEAM":"UE","MINS":1.775,"FGM":0.25,"FGA":0.5,"FG%":50.0,"2PM":0.25,"2PA":0.5,"2P%":50.0,"3PM":0.0,"3PA":0.0,"3P%":0.0,"FTM":0.0,"FTA":0.0,"FT%":0.0,"PTS":0.5,"OFF":0.25,"DEF":0.0,"REB":0.25,"AST":0.0,"TO":0.0,"STL":0.0,"BLK":0.25,"STK":0.25,"PF":0.0,"Fls on:":0.0,"+\/-":0.5,"GW":3.0,"GP":4.0},"K. Spandonis":{"TEAM":"UE","MINS":3.3566666667,"FGM":0.0,"FGA":0.4,"FG%":0.0,"2PM":0.0,"2PA":0.4,"2P%":0.0,"3PM":0.0,"3PA":0.0,"3P%":0.0,"FTM":0.4,"FTA":0.6,"FT%":66.6666666667,"PTS":0.4,"OFF":0.0,"DEF":0.0,"REB":0.0,"AST":0.2,"TO":0.0,"STL":0.2,"BLK":0.0,"STK":0.2,"PF":1.2,"Fls on:":0.2,"+\/-":1.4,"GW":4.0,"GP":5.0},"H. Cruz-Dumont":{"TEAM":"UE","MINS":5.9777777778,"FGM":0.0,"FGA":0.6666666667,"FG%":0.0,"2PM":0.0,"2PA":0.6666666667,"2P%":0.0,"3PM":0.0,"3PA":0.0,"3P%":0.0,"FTM":0.0,"FTA":0.0,"FT%":0.0,"PTS":0.0,"OFF":0.3333333333,"DEF":0.8333333333,"REB":1.1666666667,"AST":0.3333333333,"TO":0.8333333333,"STL":0.1666666667,"BLK":0.0,"STK":0.1666666667,"PF":1.6666666667,"Fls on:":0.1666666667,"+\/-":-1.8333333333,"GW":3.0,"GP":6.0},"R. Finney":{"TEAM":"UE","MINS":1.4166666667,"FGM":0.0,"FGA":1.0,"FG%":0.0,"2PM":0.0,"2PA":1.0,"2P%":0.0,"3PM":0.0,"3PA":0.0,"3P%":0.0,"FTM":0.0,"FTA":0.0,"FT%":0.0,"PTS":0.0,"OFF":0.0,"DEF":0.0,"REB":0.0,"AST":0.0,"TO":0.0,"STL":1.0,"BLK":0.0,"STK":1.0,"PF":0.0,"Fls on:":0.0,"+\/-":2.0,"GW":1.0,"GP":1.0},"R. Go":{"TEAM":"UE","MINS":3.4611111111,"FGM":0.0,"FGA":0.3333333333,"FG%":0.0,"2PM":0.0,"2PA":0.3333333333,"2P%":0.0,"3PM":0.0,"3PA":0.0,"3P%":0.0,"FTM":0.0,"FTA":0.0,"FT%":0.0,"PTS":0.0,"OFF":0.0,"DEF":0.3333333333,"REB":0.3333333333,"AST":0.0,"TO":0.0,"STL":0.0,"BLK":0.0,"STK":0.0,"PF":0.6666666667,"Fls on:":0.0,"+\/-":-3.6666666667,"GW":2.0,"GP":3.0},"J. Jimenez":{"TEAM":"UE","MINS":4.6944444445,"FGM":0.0,"FGA":1.3333333333,"FG%":0.0,"2PM":0.0,"2PA":1.0,"2P%":0.0,"3PM":0.0,"3PA":0.3333333333,"3P%":0.0,"FTM":0.0,"FTA":0.0,"FT%":0.0,"PTS":0.0,"OFF":0.3333333333,"DEF":0.0,"REB":0.3333333333,"AST":0.3333333333,"TO":0.0,"STL":0.3333333333,"BLK":0.0,"STK":0.3333333333,"PF":0.6666666667,"Fls on:":0.3333333333,"+\/-":-2.0,"GW":3.0,"GP":3.0}}