{"G. Wilson":{"TEAM":"UE","MINS":12.7740740741,"FGM":4.6970136271,"FGA":9.9159176573,"FG%":47.3684210526,"2PM":3.9141780226,"2PA":7.5674108437,"2P%":51.724137931,"3PM":0.7828356045,"3PA":2.3485068136,"3P%":33.3333333333,"FTM":3.6532328211,"FTA":4.6970136271,"FT%":77.7777777778,"PTS":13.8300956799,"OFF":1.043780806,"DEF":1.8266164106,"REB":2.8703972166,"AST":3.1313424181,"TO":2.8703972166,"STL":1.3047260075,"BLK":0.0,"STK":1.3047260075,"PF":1.043780806,"Fls on:":3.3922876196,"+\/-":2.6094520151,"GW":6.0,"GP":9.0},"W. Lingolingo":{"TEAM":"UE","MINS":22.612962963,"FGM":4.1274260912,"FGA":10.4659733028,"FG%":39.4366197183,"2PM":1.3266726722,"2PA":3.0955695684,"2P%":42.8571428571,"3PM":2.800753419,"3PA":7.3704037343,"3P%":38.0,"FTM":1.7688968962,"FTA":2.0637130456,"FT%":85.7142857143,"PTS":12.8245024977,"OFF":1.7688968962,"DEF":4.4222422406,"REB":6.1911391368,"AST":0.7370403734,"TO":1.1792645975,"STL":2.0637130456,"BLK":0.1474080747,"STK":2.2111211203,"PF":3.3903857178,"Fls on:":2.2111211203,"+\/-":5.7489149128,"GW":6.0,"GP":9.0},"P. Momowei":{"TEAM":"UE","MINS":34.9166666667,"FGM":3.8186157518,"FGA":9.7374701671,"FG%":39.2156862745,"2PM":3.723150358,"2PA":9.2601431981,"2P%":40.206185567,"3PM":0.0954653938,"3PA":0.477326969,"3P%":20.0,"FTM":3.6276849642,"FTA":8.0190930788,"FT%":45.2380952381,"PTS":11.3603818616,"OFF":2.5775656325,"DEF":8.7828162291,"REB":11.3603818616,"AST":1.6229116945,"TO":3.723150358,"STL":0.8591885442,"BLK":0.9546539379,"STK":1.8138424821,"PF":2.5775656325,"Fls on:":8.2100238663,"+\/-":3.0548926014,"GW":6.0,"GP":9.0},"R. Maga":{"TEAM":"UE","MINS":19.3203703704,"FGM":4.6582957922,"FGA":10.5242979009,"FG%":44.262295082,"2PM":3.4505894757,"2PA":8.1088852679,"2P%":42.5531914894,"3PM":1.2077063165,"3PA":2.415412633,"3P%":50.0,"FTM":0.3450589476,"FTA":0.3450589476,"FT%":100.0,"PTS":10.8693568485,"OFF":0.8626473689,"DEF":2.0703536854,"REB":2.9330010543,"AST":2.0703536854,"TO":1.8978242116,"STL":1.0351768427,"BLK":0.0,"STK":1.0351768427,"PF":2.0703536854,"Fls on:":1.3802357903,"+\/-":1.7252947379,"GW":6.0,"GP":9.0},"J. Abate":{"TEAM":"UE","MINS":23.9907407407,"FGM":3.6125048244,"FGA":8.3365495947,"FG%":43.3333333333,"2PM":2.7788498649,"2PA":5.8355847163,"2P%":47.619047619,"3PM":0.8336549595,"3PA":2.5009648784,"3P%":33.3333333333,"FTM":2.3620223852,"FTA":3.1956773447,"FT%":73.9130434783,"PTS":10.4206869934,"OFF":1.6673099189,"DEF":2.9177923582,"REB":4.5851022771,"AST":2.3620223852,"TO":2.0841373987,"STL":0.6947124662,"BLK":0.1389424932,"STK":0.8336549595,"PF":3.4735623311,"Fls on:":2.5009648784,"+\/-":-0.6947124662,"GW":6.0,"GP":9.0},"E. Galang":{"TEAM":"UE","MINS":25.875,"FGM":3.1884057971,"FGA":8.9855072464,"FG%":35.4838709677,"2PM":1.0144927536,"2PA":2.4637681159,"2P%":41.1764705882,"3PM":2.1739130435,"3PA":6.5217391304,"3P%":33.3333333333,"FTM":0.8695652174,"FTA":1.1594202899,"FT%":75.0,"PTS":9.4202898551,"OFF":0.4347826087,"DEF":3.3333333333,"REB":3.768115942,"AST":1.7391304348,"TO":1.0144927536,"STL":1.3043478261,"BLK":0.7246376812,"STK":2.0289855072,"PF":3.0434782609,"Fls on:":1.884057971,"+\/-":0.8695652174,"GW":5.0,"GP":8.0},"D. Fikes":{"TEAM":"UE","MINS":18.5240740741,"FGM":2.8791362591,"FGA":8.0975707288,"FG%":35.5555555556,"2PM":1.799460162,"2PA":3.5989203239,"2P%":50.0,"3PM":1.0796760972,"3PA":4.4986504049,"3P%":24.0,"FTM":1.799460162,"FTA":3.0590822753,"FT%":58.8235294118,"PTS":8.6374087774,"OFF":1.799460162,"DEF":3.5989203239,"REB":5.3983804859,"AST":2.1593521943,"TO":3.0590822753,"STL":1.0796760972,"BLK":0.5398380486,"STK":1.6195141458,"PF":4.4986504049,"Fls on:":2.5192442267,"+\/-":-1.6195141458,"GW":6.0,"GP":9.0},"D. Robles":{"TEAM":"UE","MINS":1.775,"FGM":4.2253521126,"FGA":8.4507042252,"FG%":50.0,"2PM":4.2253521126,"2PA":8.4507042252,"2P%":50.0,"3PM":0.0,"3PA":0.0,"3P%":0.0,"FTM":0.0,"FTA":0.0,"FT%":0.0,"PTS":8.4507042252,"OFF":4.2253521126,"DEF":0.0,"REB":4.2253521126,"AST":0.0,"TO":0.0,"STL":0.0,"BLK":4.2253521126,"STK":4.2253521126,"PF":0.0,"Fls on:":0.0,"+\/-":8.4507042252,"GW":3.0,"GP":4.0},"J. Cruz-Dumont":{"TEAM":"UE","MINS":19.1203703704,"FGM":2.2663438257,"FGA":7.6707021792,"FG%":29.5454545455,"2PM":0.8716707022,"2PA":4.00968523,"2P%":21.7391304348,"3PM":1.3946731235,"3PA":3.6610169492,"3P%":38.0952380952,"FTM":1.7433414044,"FTA":2.0920096852,"FT%":83.3333333333,"PTS":7.6707021792,"OFF":1.0460048426,"DEF":4.3583535109,"REB":5.4043583535,"AST":2.789346247,"TO":0.8716707022,"STL":1.0460048426,"BLK":0.5230024213,"STK":1.5690072639,"PF":2.6150121065,"Fls on:":1.7433414044,"+\/-":-7.4963680387,"GW":6.0,"GP":9.0},"N. Mulingtapang":{"TEAM":"UE","MINS":12.7055555556,"FGM":1.5741145606,"FGA":5.509400962,"FG%":28.5714285714,"2PM":1.3117621338,"2PA":3.4105815479,"2P%":38.4615384615,"3PM":0.2623524268,"3PA":2.0988194141,"3P%":12.5,"FTM":2.8858766944,"FTA":3.6729339746,"FT%":78.5714285714,"PTS":6.2964582422,"OFF":0.5247048535,"DEF":1.049409707,"REB":1.5741145606,"AST":4.7223436817,"TO":2.0988194141,"STL":0.7870572803,"BLK":0.0,"STK":0.7870572803,"PF":2.6235242676,"Fls on:":3.9352864014,"+\/-":2.0988194141,"GW":6.0,"GP":9.0},"R. Malaga III":{"TEAM":"UE","MINS":5.15,"FGM":1.9417475728,"FGA":4.854368932,"FG%":40.0,"2PM":1.9417475728,"2PA":2.9126213592,"2P%":66.6666666667,"3PM":0.0,"3PA":1.9417475728,"3P%":0.0,"FTM":1.9417475728,"FTA":1.9417475728,"FT%":100.0,"PTS":5.8252427184,"OFF":0.9708737864,"DEF":2.9126213592,"REB":3.8834951456,"AST":0.0,"TO":1.9417475728,"STL":0.9708737864,"BLK":0.9708737864,"STK":1.9417475728,"PF":13.5922330097,"Fls on:":1.9417475728,"+\/-":-5.8252427184,"GW":3.0,"GP":6.0},"K. Spandonis":{"TEAM":"UE","MINS":3.3566666667,"FGM":0.0,"FGA":3.5749751738,"FG%":0.0,"2PM":0.0,"2PA":3.5749751738,"2P%":0.0,"3PM":0.0,"3PA":0.0,"3P%":0.0,"FTM":3.5749751738,"FTA":5.3624627607,"FT%":66.6666666667,"PTS":3.5749751738,"OFF":0.0,"DEF":0.0,"REB":0.0,"AST":1.7874875869,"TO":0.0,"STL":1.7874875869,"BLK":0.0,"STK":1.7874875869,"PF":10.7249255214,"Fls on:":1.7874875869,"+\/-":12.5124131083,"GW":4.0,"GP":5.0},"R. Go":{"TEAM":"UE","MINS":3.4611111111,"FGM":0.0,"FGA":2.8892455859,"FG%":0.0,"2PM":0.0,"2PA":2.8892455859,"2P%":0.0,"3PM":0.0,"3PA":0.0,"3P%":0.0,"FTM":0.0,"FTA":0.0,"FT%":0.0,"PTS":0.0,"OFF":0.0,"DEF":2.8892455859,"REB":2.8892455859,"AST":0.0,"TO":0.0,"STL":0.0,"BLK":0.0,"STK":0.0,"PF":5.7784911717,"Fls on:":0.0,"+\/-":-31.7817014444,"GW":2.0,"GP":3.0},"R. Finney":{"TEAM":"UE","MINS":1.4166666667,"FGM":0.0,"FGA":21.1764705877,"FG%":0.0,"2PM":0.0,"2PA":21.1764705877,"2P%":0.0,"3PM":0.0,"3PA":0.0,"3P%":0.0,"FTM":0.0,"FTA":0.0,"FT%":0.0,"PTS":0.0,"OFF":0.0,"DEF":0.0,"REB":0.0,"AST":0.0,"TO":0.0,"STL":21.1764705877,"BLK":0.0,"STK":21.1764705877,"PF":0.0,"Fls on:":0.0,"+\/-":42.3529411755,"GW":1.0,"GP":1.0},"J. Jimenez":{"TEAM":"UE","MINS":4.6944444445,"FGM":0.0,"FGA":8.5207100591,"FG%":0.0,"2PM":0.0,"2PA":6.3905325443,"2P%":0.0,"3PM":0.0,"3PA":2.1301775148,"3P%":0.0,"FTM":0.0,"FTA":0.0,"FT%":0.0,"PTS":0.0,"OFF":2.1301775148,"DEF":0.0,"REB":2.1301775148,"AST":2.1301775148,"TO":0.0,"STL":2.1301775148,"BLK":0.0,"STK":2.1301775148,"PF":4.2603550296,"Fls on:":2.1301775148,"+\/-":-12.7810650887,"GW":3.0,"GP":3.0},"H. Cruz-Dumont":{"TEAM":"UE","MINS":5.9777777778,"FGM":0.0,"FGA":3.3457249071,"FG%":0.0,"2PM":0.0,"2PA":3.3457249071,"2P%":0.0,"3PM":0.0,"3PA":0.0,"3P%":0.0,"FTM":0.0,"FTA":0.0,"FT%":0.0,"PTS":0.0,"OFF":1.6728624535,"DEF":4.1821561338,"REB":5.8550185874,"AST":1.6728624535,"TO":4.1821561338,"STL":0.8364312268,"BLK":0.0,"STK":0.8364312268,"PF":8.3643122677,"Fls on:":0.8364312268,"+\/-":-9.2007434944,"GW":3.0,"GP":6.0}}