{"R. Torres":{"TEAM":"UP","MINS":118.0,"FGM":8.0,"FGA":33.0,"FG%":24.2424242424,"2PM":8.0,"2PA":22.0,"2P%":36.3636363636,"3PM":0.0,"3PA":11.0,"3P%":0.0,"FTM":9.0,"FTA":10.0,"FT%":90.0,"PTS":25.0,"OFF":4.0,"DEF":9.0,"REB":13.0,"AST":17.0,"TO":8.0,"STL":5.0,"BLK":0.0,"STK":5.0,"PF":14.0,"Fls on:":9.0,"+\/-":1.0,"GW":7.0,"GP":8.0},"C. Briones":{"TEAM":"UP","MINS":53.5666666667,"FGM":4.0,"FGA":15.0,"FG%":26.6666666667,"2PM":3.0,"2PA":6.0,"2P%":50.0,"3PM":1.0,"3PA":9.0,"3P%":11.1111111111,"FTM":0.0,"FTA":0.0,"FT%":0.0,"PTS":9.0,"OFF":1.0,"DEF":5.0,"REB":6.0,"AST":5.0,"TO":2.0,"STL":1.0,"BLK":0.0,"STK":1.0,"PF":5.0,"Fls on:":1.0,"+\/-":-29.0,"GW":7.0,"GP":7.0},"S. Alter":{"TEAM":"UP","MINS":30.4666666667,"FGM":4.0,"FGA":9.0,"FG%":44.4444444444,"2PM":4.0,"2PA":7.0,"2P%":57.1428571429,"3PM":0.0,"3PA":2.0,"3P%":0.0,"FTM":0.0,"FTA":2.0,"FT%":0.0,"PTS":8.0,"OFF":5.0,"DEF":7.0,"REB":12.0,"AST":0.0,"TO":2.0,"STL":1.0,"BLK":0.0,"STK":1.0,"PF":7.0,"Fls on:":2.0,"+\/-":-3.0,"GW":6.0,"GP":6.0},"D. Ududo":{"TEAM":"UP","MINS":85.8666666667,"FGM":13.0,"FGA":32.0,"FG%":40.625,"2PM":13.0,"2PA":32.0,"2P%":40.625,"3PM":0.0,"3PA":0.0,"3P%":0.0,"FTM":11.0,"FTA":21.0,"FT%":52.380952381,"PTS":37.0,"OFF":17.0,"DEF":12.0,"REB":29.0,"AST":1.0,"TO":10.0,"STL":1.0,"BLK":3.0,"STK":4.0,"PF":21.0,"Fls on:":20.0,"+\/-":21.0,"GW":8.0,"GP":9.0},"D. Walker":{"TEAM":"UP","MINS":18.3666666666,"FGM":1.0,"FGA":3.0,"FG%":33.3333333333,"2PM":1.0,"2PA":3.0,"2P%":33.3333333333,"3PM":0.0,"3PA":0.0,"3P%":0.0,"FTM":0.0,"FTA":0.0,"FT%":0.0,"PTS":2.0,"OFF":0.0,"DEF":1.0,"REB":1.0,"AST":4.0,"TO":1.0,"STL":2.0,"BLK":0.0,"STK":2.0,"PF":0.0,"Fls on:":0.0,"+\/-":-17.0,"GW":4.0,"GP":4.0},"Q. Millora-Brown":{"TEAM":"UP","MINS":200.5,"FGM":28.0,"FGA":49.0,"FG%":57.1428571429,"2PM":27.0,"2PA":44.0,"2P%":61.3636363636,"3PM":1.0,"3PA":5.0,"3P%":20.0,"FTM":17.0,"FTA":24.0,"FT%":70.8333333333,"PTS":74.0,"OFF":26.0,"DEF":54.0,"REB":80.0,"AST":7.0,"TO":17.0,"STL":3.0,"BLK":14.0,"STK":17.0,"PF":19.0,"Fls on:":33.0,"+\/-":67.0,"GW":8.0,"GP":9.0},"J. Felicilda":{"TEAM":"UP","MINS":123.6333333333,"FGM":12.0,"FGA":28.0,"FG%":42.8571428571,"2PM":8.0,"2PA":17.0,"2P%":47.0588235294,"3PM":4.0,"3PA":11.0,"3P%":36.3636363636,"FTM":1.0,"FTA":4.0,"FT%":25.0,"PTS":29.0,"OFF":3.0,"DEF":19.0,"REB":22.0,"AST":12.0,"TO":10.0,"STL":5.0,"BLK":0.0,"STK":5.0,"PF":13.0,"Fls on:":5.0,"+\/-":36.0,"GW":7.0,"GP":8.0},"F. Lopez":{"TEAM":"UP","MINS":175.1999999998,"FGM":35.0,"FGA":63.0,"FG%":55.5555555556,"2PM":31.0,"2PA":43.0,"2P%":72.0930232558,"3PM":4.0,"3PA":20.0,"3P%":20.0,"FTM":19.0,"FTA":34.0,"FT%":55.8823529412,"PTS":93.0,"OFF":3.0,"DEF":43.0,"REB":46.0,"AST":14.0,"TO":21.0,"STL":7.0,"BLK":11.0,"STK":18.0,"PF":20.0,"Fls on:":31.0,"+\/-":26.0,"GW":8.0,"GP":9.0},"G. Abadiano":{"TEAM":"UP","MINS":157.25,"FGM":14.0,"FGA":51.0,"FG%":27.4509803922,"2PM":8.0,"2PA":28.0,"2P%":28.5714285714,"3PM":6.0,"3PA":23.0,"3P%":26.0869565217,"FTM":6.0,"FTA":9.0,"FT%":66.6666666667,"PTS":40.0,"OFF":4.0,"DEF":14.0,"REB":18.0,"AST":16.0,"TO":4.0,"STL":6.0,"BLK":0.0,"STK":6.0,"PF":8.0,"Fls on:":13.0,"+\/-":60.0,"GW":7.0,"GP":8.0},"T. Fortea":{"TEAM":"UP","MINS":146.15,"FGM":23.0,"FGA":47.0,"FG%":48.9361702128,"2PM":9.0,"2PA":15.0,"2P%":60.0,"3PM":14.0,"3PA":32.0,"3P%":43.75,"FTM":12.0,"FTA":15.0,"FT%":80.0,"PTS":72.0,"OFF":3.0,"DEF":16.0,"REB":19.0,"AST":19.0,"TO":15.0,"STL":9.0,"BLK":1.0,"STK":10.0,"PF":13.0,"Fls on:":14.0,"+\/-":43.0,"GW":8.0,"GP":9.0},"G. Stevens":{"TEAM":"UP","MINS":58.55,"FGM":5.0,"FGA":10.0,"FG%":50.0,"2PM":5.0,"2PA":10.0,"2P%":50.0,"3PM":0.0,"3PA":0.0,"3P%":0.0,"FTM":4.0,"FTA":11.0,"FT%":36.3636363636,"PTS":14.0,"OFF":8.0,"DEF":11.0,"REB":19.0,"AST":2.0,"TO":5.0,"STL":1.0,"BLK":2.0,"STK":3.0,"PF":15.0,"Fls on:":8.0,"+\/-":20.0,"GW":7.0,"GP":8.0},"M. Belmonte":{"TEAM":"UP","MINS":115.1499999999,"FGM":19.0,"FGA":39.0,"FG%":48.7179487179,"2PM":15.0,"2PA":30.0,"2P%":50.0,"3PM":4.0,"3PA":9.0,"3P%":44.4444444444,"FTM":4.0,"FTA":4.0,"FT%":100.0,"PTS":46.0,"OFF":5.0,"DEF":22.0,"REB":27.0,"AST":11.0,"TO":11.0,"STL":1.0,"BLK":2.0,"STK":3.0,"PF":14.0,"Fls on:":8.0,"+\/-":66.0,"GW":8.0,"GP":9.0},"H. Alarcon":{"TEAM":"UP","MINS":155.7833333333,"FGM":33.0,"FGA":70.0,"FG%":47.1428571429,"2PM":28.0,"2PA":52.0,"2P%":53.8461538462,"3PM":5.0,"3PA":18.0,"3P%":27.7777777778,"FTM":13.0,"FTA":15.0,"FT%":86.6666666667,"PTS":84.0,"OFF":3.0,"DEF":25.0,"REB":28.0,"AST":13.0,"TO":9.0,"STL":7.0,"BLK":3.0,"STK":10.0,"PF":19.0,"Fls on:":17.0,"+\/-":81.0,"GW":7.0,"GP":8.0},"S. Torculas":{"TEAM":"UP","MINS":52.65,"FGM":6.0,"FGA":20.0,"FG%":30.0,"2PM":5.0,"2PA":14.0,"2P%":35.7142857143,"3PM":1.0,"3PA":6.0,"3P%":16.6666666667,"FTM":1.0,"FTA":2.0,"FT%":50.0,"PTS":14.0,"OFF":5.0,"DEF":9.0,"REB":14.0,"AST":3.0,"TO":5.0,"STL":3.0,"BLK":1.0,"STK":4.0,"PF":5.0,"Fls on:":4.0,"+\/-":-8.0,"GW":6.0,"GP":7.0},"J. Cagulangan":{"TEAM":"UP","MINS":162.9166666667,"FGM":36.0,"FGA":76.0,"FG%":47.3684210526,"2PM":25.0,"2PA":46.0,"2P%":54.347826087,"3PM":11.0,"3PA":30.0,"3P%":36.6666666667,"FTM":10.0,"FTA":12.0,"FT%":83.3333333333,"PTS":93.0,"OFF":9.0,"DEF":17.0,"REB":26.0,"AST":35.0,"TO":17.0,"STL":9.0,"BLK":0.0,"STK":9.0,"PF":8.0,"Fls on:":21.0,"+\/-":78.0,"GW":7.0,"GP":7.0},"J. Bayla":{"TEAM":"UP","MINS":145.1166666667,"FGM":10.0,"FGA":28.0,"FG%":35.7142857143,"2PM":5.0,"2PA":15.0,"2P%":33.3333333333,"3PM":5.0,"3PA":13.0,"3P%":38.4615384615,"FTM":10.0,"FTA":20.0,"FT%":50.0,"PTS":35.0,"OFF":9.0,"DEF":15.0,"REB":24.0,"AST":8.0,"TO":6.0,"STL":5.0,"BLK":1.0,"STK":6.0,"PF":17.0,"Fls on:":13.0,"+\/-":38.0,"GW":8.0,"GP":9.0}}