{"J. Cagulangan":{"TEAM":"UP","SP":71.7142857143,"GP":7.0,"MPG":23.2738095238,"EWA":1.6664606295,"PER":31.3801178432,"WS":1.2639615111,"OWS":0.9961788055,"DWS":0.2677827056,"EFF":14.8571428571,"GmSc":11.1571428571,"TS%":57.2096456693,"EFG%":54.6052631579,"PPWS":1.1441929134,"FTR":0.1578947368,"REB%":7.8487275167,"OREB%":5.9543317457,"DREB%":9.438496832,"AR":11.3306038293,"pAST%":45.1094171875,"TOR":5.5034361457,"AST\/TO":2.0588235294,"PPR":3.8051893401,"USG%":27.2649965971,"aSP":71.7142857143,"ORtg":111.7398286028,"DRtg":85.8734544266,"Floor%":49.165868913,"Stop%":0.5860483665,"FFI":49.0255336285,"PIE":11.5094339623,"AV":1.5507997051},"Q. Millora-Brown":{"TEAM":"UP","SP":53.2222222222,"GP":9.0,"MPG":22.2777777778,"EWA":1.3532150656,"PER":24.3858966674,"WS":1.2299659837,"OWS":0.7041583507,"DWS":0.525807633,"EFF":14.7777777778,"GmSc":8.4,"TS%":62.1222296844,"EFG%":58.1632653061,"PPWS":1.2424445937,"FTR":0.4897959184,"REB%":19.6230734639,"OREB%":13.9770334642,"DREB%":24.3612075339,"AR":1.8413408551,"pAST%":6.2615696165,"TOR":4.4718277909,"AST\/TO":0.4117647059,"PPR":-6.0210957456,"USG%":17.2581151951,"aSP":53.2222222222,"ORtg":108.4020422975,"DRtg":78.6682692382,"Floor%":53.11153048,"Stop%":0.7516284103,"FFI":57.2896946431,"PIE":11.8238993711,"AV":1.8649596332},"F. Lopez":{"TEAM":"UP","SP":53.6666666667,"GP":9.0,"MPG":19.4666666666,"EWA":1.2694577173,"PER":25.3839840855,"WS":1.0248048035,"OWS":0.5307511714,"DWS":0.494053632,"EFF":11.8888888889,"GmSc":7.4888888889,"TS%":59.6459722935,"EFG%":58.7301587302,"PPWS":1.1929194459,"FTR":0.5396825397,"REB%":12.9126431619,"OREB%":1.8456238209,"DREB%":22.2000413024,"AR":4.2144844913,"pAST%":16.0636426222,"TOR":6.321726737,"AST\/TO":0.6666666667,"PPR":-6.5181166536,"USG%":25.5288587548,"aSP":53.6666666667,"ORtg":97.5817694948,"DRtg":77.214730841,"Floor%":48.1093635805,"Stop%":0.7850317088,"FFI":55.3759946672,"PIE":10.0628930818,"AV":1.5842311141},"H. Alarcon":{"TEAM":"UP","SP":50.75,"GP":8.0,"MPG":19.4729166667,"EWA":1.0907352006,"PER":24.8932497269,"WS":1.022233775,"OWS":0.702334038,"DWS":0.3198997371,"EFF":10.875,"GmSc":7.325,"TS%":54.8302872063,"EFG%":50.7142857143,"PPWS":1.0966057441,"FTR":0.2142857143,"REB%":8.8395154402,"OREB%":2.0756603835,"DREB%":14.5157154124,"AR":4.4012180581,"pAST%":17.1922191739,"TOR":3.0469971171,"AST\/TO":1.4444444444,"PPR":-0.2094436481,"USG%":24.834681125,"aSP":50.75,"ORtg":108.4902121487,"DRtg":82.856734626,"Floor%":50.0135967671,"Stop%":0.6553746342,"FFI":48.1533827974,"PIE":8.1761006289,"AV":1.3565010827},"T. Fortea":{"TEAM":"UP","SP":44.5555555556,"GP":9.0,"MPG":16.2388888889,"EWA":1.087812495,"PER":25.7806781723,"WS":0.9757224494,"OWS":0.7048880111,"DWS":0.2708344384,"EFF":8.6666666667,"GmSc":6.3111111111,"TS%":67.1641791045,"EFG%":63.829787234,"PPWS":1.3432835821,"FTR":0.3191489362,"REB%":6.3936108759,"OREB%":2.2124754938,"DREB%":9.9024028799,"AR":6.8565446335,"pAST%":24.081412072,"TOR":5.4130615528,"AST\/TO":1.2666666667,"PPR":-1.5627424395,"USG%":21.2144175092,"aSP":44.5555555556,"ORtg":113.1934533367,"DRtg":84.3316650759,"Floor%":46.4347915855,"Stop%":0.6214797318,"FFI":54.4083786467,"PIE":7.9245283019,"AV":1.24983205},"M. Belmonte":{"TEAM":"UP","SP":34.1111111111,"GP":9.0,"MPG":12.7944444444,"EWA":0.3897985352,"PER":17.6241255379,"WS":0.5004416598,"OWS":0.3055845488,"DWS":0.194857111,"EFF":6.2222222222,"GmSc":3.3222222222,"TS%":56.4278704612,"EFG%":53.8461538462,"PPWS":1.1285574092,"FTR":0.1025641026,"REB%":11.5316443983,"OREB%":4.6801750386,"DREB%":17.2813699413,"AR":5.0382448432,"pAST%":17.9488864665,"TOR":5.0382448432,"AST\/TO":1.0,"PPR":-3.1168573698,"USG%":20.3159034898,"aSP":34.1111111111,"ORtg":98.9444133671,"DRtg":85.5162627255,"Floor%":44.3194384732,"Stop%":0.5942568741,"FFI":47.7533968738,"PIE":4.8427672956,"AV":0.9748139276},"J. Bayla":{"TEAM":"UP","SP":31.7777777778,"GP":9.0,"MPG":16.1240740741,"EWA":0.0681940884,"PER":11.7645511726,"WS":0.483971581,"OWS":0.2790424086,"DWS":0.2049291724,"EFF":4.3333333333,"GmSc":2.7444444444,"TS%":47.5543478261,"EFG%":44.6428571429,"PPWS":0.9510869565,"FTR":0.7142857143,"REB%":8.1336478846,"OREB%":6.6846896537,"DREB%":9.349607807,"AR":2.907523403,"pAST%":8.7739920191,"TOR":2.1806425523,"AST\/TO":1.3333333333,"PPR":-0.4496772204,"USG%":13.3300657216,"aSP":31.7777777778,"ORtg":100.3078716795,"DRtg":87.5776552144,"Floor%":46.4027561327,"Stop%":0.5468846763,"FFI":54.3632058641,"PIE":2.1383647799,"AV":0.7431545832},"G. Abadiano":{"TEAM":"UP","SP":38.125,"GP":8.0,"MPG":19.65625,"EWA":0.0138029904,"PER":10.9964325002,"WS":0.4030557803,"OWS":0.2031769515,"DWS":0.1998788288,"EFF":4.5,"GmSc":3.2125,"TS%":36.3901018923,"EFG%":33.3333333333,"PPWS":0.7278020378,"FTR":0.1764705882,"REB%":5.6295446845,"OREB%":2.7417343374,"DREB%":8.0529835185,"AR":5.3663606296,"pAST%":16.7297177586,"TOR":1.3415901574,"AST\/TO":4.0,"PPR":4.1498034529,"USG%":16.9462120478,"aSP":38.125,"ORtg":91.1726928601,"DRtg":88.6161680711,"Floor%":39.7776870077,"Stop%":0.5230189463,"FFI":41.193341485,"PIE":3.2704402516,"AV":0.6998542122},"J. Felicilda":{"TEAM":"UP","SP":33.125,"GP":8.0,"MPG":15.4541666667,"EWA":-0.0010699898,"PER":10.802604372,"WS":0.311131222,"OWS":0.0874855722,"DWS":0.2236456499,"EFF":4.875,"GmSc":2.375,"TS%":48.7231182796,"EFG%":50.0,"PPWS":0.9744623656,"FTR":0.1428571429,"REB%":8.7514198958,"OREB%":2.6154216237,"DREB%":13.9007249784,"AR":5.1191304132,"pAST%":16.1725269199,"TOR":4.265942011,"AST\/TO":1.2,"PPR":-1.58344819,"USG%":14.5350527694,"aSP":33.125,"ORtg":86.3864022568,"DRtg":84.6569098017,"Floor%":38.2318709584,"Stop%":0.6140053873,"FFI":46.5994559649,"PIE":3.0817610063,"AV":0.7431545832},"D. Ududo":{"TEAM":"UP","SP":28.4444444444,"GP":9.0,"MPG":9.5407407407,"EWA":0.1409596713,"PER":14.1196382678,"WS":0.2701309679,"OWS":0.1338661269,"DWS":0.1362648411,"EFF":3.5555555556,"GmSc":1.8555555556,"TS%":44.8593598448,"EFG%":40.625,"PPWS":0.8971871969,"FTR":0.65625,"REB%":16.609815701,"OREB%":21.3393089597,"DREB%":12.6408439714,"AR":0.6142227841,"pAST%":2.1336452143,"TOR":6.1422278412,"AST\/TO":0.1,"PPR":-10.639509668,"USG%":26.9705829052,"aSP":28.4444444444,"ORtg":87.7290656488,"DRtg":86.2911577356,"Floor%":45.2049675517,"Stop%":0.5764492611,"FFI":53.8260548317,"PIE":0.1257861635,"AV":0.6406829831},"R. Torres":{"TEAM":"UP","SP":32.625,"GP":8.0,"MPG":14.75,"EWA":-0.1598213532,"PER":8.0976193223,"WS":0.1916735894,"OWS":0.0375421483,"DWS":0.1541314412,"EFF":3.25,"GmSc":1.6875,"TS%":33.422459893,"EFG%":24.2424242424,"PPWS":0.6684491979,"FTR":0.303030303,"REB%":5.4181717144,"OREB%":3.6537095301,"DREB%":6.8989012861,"AR":7.5983175599,"pAST%":22.8887725335,"TOR":3.5756788517,"AST\/TO":2.125,"PPR":2.7650703092,"USG%":17.3892023523,"aSP":32.625,"ORtg":81.9949499001,"DRtg":88.3577220462,"Floor%":38.4517093829,"Stop%":0.5289582112,"FFI":39.0792464355,"PIE":1.2578616352,"AV":0.5482904939},"G. Stevens":{"TEAM":"UP","SP":22.75,"GP":8.0,"MPG":7.31875,"EWA":-0.0120832082,"PER":10.4051878985,"WS":0.1723141805,"OWS":0.0542881881,"DWS":0.1180259924,"EFF":2.625,"GmSc":0.9875,"TS%":47.1698113208,"EFG%":50.0,"PPWS":0.9433962264,"FTR":1.1,"REB%":15.9594573784,"OREB%":14.7271639471,"DREB%":16.9935930721,"AR":1.8015802925,"pAST%":5.5831049042,"TOR":4.5039507312,"AST\/TO":0.4,"PPR":-6.1299082175,"USG%":15.3151263504,"aSP":22.75,"ORtg":87.5081749,"DRtg":83.134075994,"Floor%":45.8025948976,"Stop%":0.6490011414,"FFI":63.3194451066,"PIE":0.1257861635,"AV":0.4671379777},"S. Alter":{"TEAM":"UP","SP":22.0,"GP":6.0,"MPG":5.0777777778,"EWA":-0.0021006193,"PER":10.6814142866,"WS":0.0846270238,"OWS":0.0135128093,"DWS":0.0711142145,"EFF":2.0,"GmSc":0.7166666667,"TS%":40.4858299595,"EFG%":44.4444444444,"PPWS":0.8097165992,"FTR":0.2222222222,"REB%":19.3708074757,"OREB%":17.6889110182,"DREB%":20.7822482214,"AR":0.0,"pAST%":0.0,"TOR":3.4622273345,"AST\/TO":0.0,"PPR":-6.4256119658,"USG%":17.6237090864,"aSP":22.0,"ORtg":83.0330257499,"DRtg":80.7906372222,"Floor%":40.6878109288,"Stop%":0.7028549542,"FFI":48.7833364811,"PIE":0.3144654088,"AV":0.3070199805},"S. Torculas":{"TEAM":"UP",