{"J. Cagulangan":{"TEAM":"UP","MINS":23.2738095238,"FGM":6.6291560102,"FGA":13.9948849105,"FG%":47.3684210526,"2PM":4.6035805627,"2PA":8.4705882353,"2P%":54.347826087,"3PM":2.0255754476,"3PA":5.5242966752,"3P%":36.6666666667,"FTM":1.8414322251,"FTA":2.2097186701,"FT%":83.3333333333,"PTS":17.1253196931,"OFF":1.6572890026,"DEF":3.1304347826,"REB":4.7877237852,"AST":6.4450127877,"TO":3.1304347826,"STL":1.6572890026,"BLK":0.0,"STK":1.6572890026,"PF":1.4731457801,"Fls on:":3.8670076726,"+\/-":14.3631713555,"GW":7.0,"GP":7.0},"H. Alarcon":{"TEAM":"UP","MINS":19.4729166667,"FGM":6.3549802076,"FGA":13.4802610463,"FG%":47.1428571429,"2PM":5.3921044185,"2PA":10.0139082058,"2P%":53.8461538462,"3PM":0.962875789,"3PA":3.4663528405,"3P%":27.7777777778,"FTM":2.5034770515,"FTA":2.8886273671,"FT%":86.6666666667,"PTS":16.1763132556,"OFF":0.5777254734,"DEF":4.8143789451,"REB":5.3921044185,"AST":2.5034770515,"TO":1.7331764202,"STL":1.3480261046,"BLK":0.5777254734,"STK":1.925751578,"PF":3.6589279983,"Fls on:":3.2737776827,"+\/-":15.5985877822,"GW":7.0,"GP":8.0},"F. Lopez":{"TEAM":"UP","MINS":19.4666666666,"FGM":5.9931506849,"FGA":10.7876712329,"FG%":55.5555555556,"2PM":5.3082191781,"2PA":7.3630136986,"2P%":72.0930232558,"3PM":0.6849315069,"3PA":3.4246575343,"3P%":20.0,"FTM":3.2534246575,"FTA":5.8219178082,"FT%":55.8823529412,"PTS":15.9246575343,"OFF":0.5136986301,"DEF":7.3630136986,"REB":7.8767123288,"AST":2.397260274,"TO":3.595890411,"STL":1.198630137,"BLK":1.8835616438,"STK":3.0821917808,"PF":3.4246575343,"Fls on:":5.3082191781,"+\/-":4.4520547945,"GW":8.0,"GP":9.0},"T. Fortea":{"TEAM":"UP","MINS":16.2388888889,"FGM":4.7211768731,"FGA":9.6476223059,"FG%":48.9361702128,"2PM":1.8474170373,"2PA":3.0790283955,"2P%":60.0,"3PM":2.8737598358,"3PA":6.5685939104,"3P%":43.75,"FTM":2.4632227164,"FTA":3.0790283955,"FT%":80.0,"PTS":14.7793362983,"OFF":0.6158056791,"DEF":3.2842969552,"REB":3.9001026343,"AST":3.9001026343,"TO":3.0790283955,"STL":1.8474170373,"BLK":0.2052685597,"STK":2.052685597,"PF":2.6684912761,"Fls on:":2.8737598358,"+\/-":8.8265480671,"GW":8.0,"GP":9.0},"D. Ududo":{"TEAM":"UP","MINS":9.5407407407,"FGM":4.5419254658,"FGA":11.1801242236,"FG%":40.625,"2PM":4.5419254658,"2PA":11.1801242236,"2P%":40.625,"3PM":0.0,"3PA":0.0,"3P%":0.0,"FTM":3.8431677019,"FTA":7.3369565217,"FT%":52.380952381,"PTS":12.9270186335,"OFF":5.9394409938,"DEF":4.1925465838,"REB":10.1319875776,"AST":0.349378882,"TO":3.4937888199,"STL":0.349378882,"BLK":1.048136646,"STK":1.3975155279,"PF":7.3369565217,"Fls on:":6.9875776397,"+\/-":7.3369565217,"GW":8.0,"GP":9.0},"M. Belmonte":{"TEAM":"UP","MINS":12.7944444444,"FGM":4.9500651324,"FGA":10.1606600087,"FG%":48.7179487179,"2PM":3.9079461572,"2PA":7.8158923144,"2P%":50.0,"3PM":1.0421189753,"3PA":2.3447676943,"3P%":44.4444444444,"FTM":1.0421189753,"FTA":1.0421189753,"FT%":100.0,"PTS":11.9843682154,"OFF":1.3026487191,"DEF":5.7316543639,"REB":7.0343030829,"AST":2.8658271819,"TO":2.8658271819,"STL":0.2605297438,"BLK":0.5210594876,"STK":0.7815892314,"PF":3.6474164134,"Fls on:":2.0842379505,"+\/-":17.1949630916,"GW":8.0,"GP":9.0},"Q. Millora-Brown":{"TEAM":"UP","MINS":22.2777777778,"FGM":4.1895261845,"FGA":7.3316708229,"FG%":57.1428571429,"2PM":4.0399002494,"2PA":6.5835411471,"2P%":61.3636363636,"3PM":0.1496259352,"3PA":0.7481296758,"3P%":20.0,"FTM":2.5436408978,"FTA":3.5910224439,"FT%":70.8333333333,"PTS":11.072319202,"OFF":3.8902743142,"DEF":8.0798004988,"REB":11.970074813,"AST":1.0473815461,"TO":2.5436408978,"STL":0.4488778055,"BLK":2.0947630923,"STK":2.5436408978,"PF":2.8428927681,"Fls on:":4.9376558603,"+\/-":10.0249376559,"GW":8.0,"GP":9.0},"S. Torculas":{"TEAM":"UP","MINS":7.5214285714,"FGM":3.4188034188,"FGA":11.396011396,"FG%":30.0,"2PM":2.849002849,"2PA":7.9772079772,"2P%":35.7142857143,"3PM":0.5698005698,"3PA":3.4188034188,"3P%":16.6666666667,"FTM":0.5698005698,"FTA":1.1396011396,"FT%":50.0,"PTS":7.9772079772,"OFF":2.849002849,"DEF":5.1282051282,"REB":7.9772079772,"AST":1.7094017094,"TO":2.849002849,"STL":1.7094017094,"BLK":0.5698005698,"STK":2.2792022792,"PF":2.849002849,"Fls on:":2.2792022792,"+\/-":-4.5584045584,"GW":6.0,"GP":7.0},"S. Alter":{"TEAM":"UP","MINS":5.0777777778,"FGM":3.9387308534,"FGA":8.8621444201,"FG%":44.4444444444,"2PM":3.9387308534,"2PA":6.8927789934,"2P%":57.1428571429,"3PM":0.0,"3PA":1.9693654267,"3P%":0.0,"FTM":0.0,"FTA":1.9693654267,"FT%":0.0,"PTS":7.8774617068,"OFF":4.9234135667,"DEF":6.8927789934,"REB":11.8161925602,"AST":0.0,"TO":1.9693654267,"STL":0.9846827133,"BLK":0.0,"STK":0.9846827133,"PF":6.8927789934,"Fls on:":1.9693654267,"+\/-":-2.95404814,"GW":6.0,"GP":6.0},"G. Abadiano":{"TEAM":"UP","MINS":19.65625,"FGM":2.6709062003,"FGA":9.7297297297,"FG%":27.4509803922,"2PM":1.5262321145,"2PA":5.3418124006,"2P%":28.5714285714,"3PM":1.1446740859,"3PA":4.3879173291,"3P%":26.0869565217,"FTM":1.1446740859,"FTA":1.7170111288,"FT%":66.6666666667,"PTS":7.6311605723,"OFF":0.7631160572,"DEF":2.6709062003,"REB":3.4340222576,"AST":3.0524642289,"TO":0.7631160572,"STL":1.1446740859,"BLK":0.0,"STK":1.1446740859,"PF":1.5262321145,"Fls on:":2.480127186,"+\/-":11.4467408585,"GW":7.0,"GP":8.0},"J. Bayla":{"TEAM":"UP","MINS":16.1240740741,"FGM":2.0673021707,"FGA":5.7884460779,"FG%":35.7142857143,"2PM":1.0336510853,"2PA":3.100953256,"2P%":33.3333333333,"3PM":1.0336510853,"3PA":2.6874928219,"3P%":38.4615384615,"FTM":2.0673021707,"FTA":4.1346043413,"FT%":50.0,"PTS":7.2355575973,"OFF":1.8605719536,"DEF":3.100953256,"REB":4.9615252096,"AST":1.6538417365,"TO":1.2403813024,"STL":1.0336510853,"BLK":0.2067302171,"STK":1.2403813024,"PF":3.5144136901,"Fls on:":2.6874928219,"+\/-":7.8557482485,"GW":8.0,"GP":9.0},"G. Stevens":{"TEAM":"UP","MINS":7.31875,"FGM":2.561912895,"FGA":5.1238257899,"FG%":50.0,"2PM":2.561912895,"2PA":5.1238257899,"2P%":50.0,"3PM":0.0,"3PA":0.0,"3P%":0.0,"FTM":2.049530316,"FTA":5.6362083689,"FT%":36.3636363636,"PTS":7.1733561059,"OFF":4.0990606319,"DEF":5.6362083689,"REB":9.7352690009,"AST":1.024765158,"TO":2.561912895,"STL":0.512382579,"BLK":1.024765158,"STK":1.537147737,"PF":7.6857386849,"Fls on:":4.0990606319,"+\/-":10.2476515798,"GW":7.0,"GP":8.0},"J. Felicilda":{"TEAM":"UP","MINS":15.4541666667,"FGM":2.9118360744,"FGA":6.7942841736,"FG%":42.8571428571,"2PM":1.9412240496,"2PA":4.1251011054,"2P%":47.0588235294,"3PM":0.9706120248,"3PA":2.6691830682,"3P%":36.3636363636,"FTM":0.2426530062,"FTA":0.9706120248,"FT%":25.0,"PTS":7.0369371798,"OFF":0.7279590186,"DEF":4.6104071178,"REB":5.3383661364,"AST":2.9118360744,"TO":2.426530062,"STL":1.213265031,"BLK":0.0,"STK":1.213265031,"PF":3.1544890806,"Fls on:":1.213265031,"+\/-":8.7355082232,"GW":7.0,"GP":8.0},"R. Torres":{"TEAM":"UP","MINS":14.75,"FGM":2.0338983051,"FGA":8.3898305085,"FG%":24.2424242424,"2PM":2.0338983051,"2PA":5.593220339,"2P%":36.3636363636,"3PM":0.0,"3PA":2.7966101695,"3P%":0.0,"FTM":2.2881355932,"FTA":2.5423728814,"FT%":90.0,"PTS":6.3559322034,"OFF":1.0169491525,"DEF":2.2881355932,"REB":3.3050847458,"AST":4.3220338983,"TO":2.0338983051,"STL":1.2711864407,"BLK":0.0,"STK":1.2711864407,"PF":3.5593220339,"Fls on:":2.2881355932,"+\/-":0.2542372881,"GW":7.0,"GP":8.0},"C. Briones":{"TEAM":"UP","MINS":7.6523809524,"FGM":2.2401991288,"FGA":8.400746733,"FG%":26.6666666667,"2PM":1.6801493466,"2PA":3.3602986932,"2P%":50.0,"3PM":0.5600497822,"3PA":5.0404480398,"3P%":11.1111111111,"FTM":0.0,"FTA":0.0,"FT%":0.0,"PTS":5.0404480398,"OFF":0.5600497822,"DEF":2.800248911,"REB":3.3602986932,"AST":2.800248911,"TO":1.1200995644,"STL":0.5600497822,"BLK":0.0,"STK":0.5600497822,"PF":2.800248911,"Fls on:":0.5600497822,"+\/-":-16.2414436839,"GW":7.0,"GP":7.0},"D. Walker":{"TEAM":"UP","MINS":4.5916666667,"FGM":1.6333938294,"FGA":4.9001814882,"FG%":33.3333333333,"2PM":1.6333938294,"2PA":4.9001814882,"2P%":33.3333333333,"3PM":0.0,"3PA":0.0,"3P%":0.0,"FTM":0.0,"FTA":0.0,"FT%":0.0,"PTS":3.2667876588,"OFF":0.0,"DEF":1.6333938294,"REB":1.6333938294,"AST":6.5335753176,"TO":1.6333938294,"STL":3.2667876588,"BLK":0.0,"STK":3.2667876588,"PF":0.0,"Fls on:":0.0,"+\/-":-27.7676950999,"GW":4.0,"GP":4.0}}