{"J. Cagulangan":{"TEAM":"UP","MINS":23.2738095238,"FGM":5.1428571429,"FGA":10.8571428571,"FG%":47.3684210526,"2PM":3.5714285714,"2PA":6.5714285714,"2P%":54.347826087,"3PM":1.5714285714,"3PA":4.2857142857,"3P%":36.6666666667,"FTM":1.4285714286,"FTA":1.7142857143,"FT%":83.3333333333,"PTS":13.2857142857,"OFF":1.2857142857,"DEF":2.4285714286,"REB":3.7142857143,"AST":5.0,"TO":2.4285714286,"STL":1.2857142857,"BLK":0.0,"STK":1.2857142857,"PF":1.1428571429,"Fls on:":3.0,"+\/-":11.1428571429,"GW":7.0,"GP":7.0},"H. Alarcon":{"TEAM":"UP","MINS":19.4729166667,"FGM":4.125,"FGA":8.75,"FG%":47.1428571429,"2PM":3.5,"2PA":6.5,"2P%":53.8461538462,"3PM":0.625,"3PA":2.25,"3P%":27.7777777778,"FTM":1.625,"FTA":1.875,"FT%":86.6666666667,"PTS":10.5,"OFF":0.375,"DEF":3.125,"REB":3.5,"AST":1.625,"TO":1.125,"STL":0.875,"BLK":0.375,"STK":1.25,"PF":2.375,"Fls on:":2.125,"+\/-":10.125,"GW":7.0,"GP":8.0},"F. Lopez":{"TEAM":"UP","MINS":19.4666666666,"FGM":3.8888888889,"FGA":7.0,"FG%":55.5555555556,"2PM":3.4444444444,"2PA":4.7777777778,"2P%":72.0930232558,"3PM":0.4444444444,"3PA":2.2222222222,"3P%":20.0,"FTM":2.1111111111,"FTA":3.7777777778,"FT%":55.8823529412,"PTS":10.3333333333,"OFF":0.3333333333,"DEF":4.7777777778,"REB":5.1111111111,"AST":1.5555555556,"TO":2.3333333333,"STL":0.7777777778,"BLK":1.2222222222,"STK":2.0,"PF":2.2222222222,"Fls on:":3.4444444444,"+\/-":2.8888888889,"GW":8.0,"GP":9.0},"Q. Millora-Brown":{"TEAM":"UP","MINS":22.2777777778,"FGM":3.1111111111,"FGA":5.4444444444,"FG%":57.1428571429,"2PM":3.0,"2PA":4.8888888889,"2P%":61.3636363636,"3PM":0.1111111111,"3PA":0.5555555556,"3P%":20.0,"FTM":1.8888888889,"FTA":2.6666666667,"FT%":70.8333333333,"PTS":8.2222222222,"OFF":2.8888888889,"DEF":6.0,"REB":8.8888888889,"AST":0.7777777778,"TO":1.8888888889,"STL":0.3333333333,"BLK":1.5555555556,"STK":1.8888888889,"PF":2.1111111111,"Fls on:":3.6666666667,"+\/-":7.4444444444,"GW":8.0,"GP":9.0},"T. Fortea":{"TEAM":"UP","MINS":16.2388888889,"FGM":2.5555555556,"FGA":5.2222222222,"FG%":48.9361702128,"2PM":1.0,"2PA":1.6666666667,"2P%":60.0,"3PM":1.5555555556,"3PA":3.5555555556,"3P%":43.75,"FTM":1.3333333333,"FTA":1.6666666667,"FT%":80.0,"PTS":8.0,"OFF":0.3333333333,"DEF":1.7777777778,"REB":2.1111111111,"AST":2.1111111111,"TO":1.6666666667,"STL":1.0,"BLK":0.1111111111,"STK":1.1111111111,"PF":1.4444444444,"Fls on:":1.5555555556,"+\/-":4.7777777778,"GW":8.0,"GP":9.0},"M. Belmonte":{"TEAM":"UP","MINS":12.7944444444,"FGM":2.1111111111,"FGA":4.3333333333,"FG%":48.7179487179,"2PM":1.6666666667,"2PA":3.3333333333,"2P%":50.0,"3PM":0.4444444444,"3PA":1.0,"3P%":44.4444444444,"FTM":0.4444444444,"FTA":0.4444444444,"FT%":100.0,"PTS":5.1111111111,"OFF":0.5555555556,"DEF":2.4444444444,"REB":3.0,"AST":1.2222222222,"TO":1.2222222222,"STL":0.1111111111,"BLK":0.2222222222,"STK":0.3333333333,"PF":1.5555555556,"Fls on:":0.8888888889,"+\/-":7.3333333333,"GW":8.0,"GP":9.0},"G. Abadiano":{"TEAM":"UP","MINS":19.65625,"FGM":1.75,"FGA":6.375,"FG%":27.4509803922,"2PM":1.0,"2PA":3.5,"2P%":28.5714285714,"3PM":0.75,"3PA":2.875,"3P%":26.0869565217,"FTM":0.75,"FTA":1.125,"FT%":66.6666666667,"PTS":5.0,"OFF":0.5,"DEF":1.75,"REB":2.25,"AST":2.0,"TO":0.5,"STL":0.75,"BLK":0.0,"STK":0.75,"PF":1.0,"Fls on:":1.625,"+\/-":7.5,"GW":7.0,"GP":8.0},"D. Ududo":{"TEAM":"UP","MINS":9.5407407407,"FGM":1.4444444444,"FGA":3.5555555556,"FG%":40.625,"2PM":1.4444444444,"2PA":3.5555555556,"2P%":40.625,"3PM":0.0,"3PA":0.0,"3P%":0.0,"FTM":1.2222222222,"FTA":2.3333333333,"FT%":52.380952381,"PTS":4.1111111111,"OFF":1.8888888889,"DEF":1.3333333333,"REB":3.2222222222,"AST":0.1111111111,"TO":1.1111111111,"STL":0.1111111111,"BLK":0.3333333333,"STK":0.4444444444,"PF":2.3333333333,"Fls on:":2.2222222222,"+\/-":2.3333333333,"GW":8.0,"GP":9.0},"J. Bayla":{"TEAM":"UP","MINS":16.1240740741,"FGM":1.1111111111,"FGA":3.1111111111,"FG%":35.7142857143,"2PM":0.5555555556,"2PA":1.6666666667,"2P%":33.3333333333,"3PM":0.5555555556,"3PA":1.4444444444,"3P%":38.4615384615,"FTM":1.1111111111,"FTA":2.2222222222,"FT%":50.0,"PTS":3.8888888889,"OFF":1.0,"DEF":1.6666666667,"REB":2.6666666667,"AST":0.8888888889,"TO":0.6666666667,"STL":0.5555555556,"BLK":0.1111111111,"STK":0.6666666667,"PF":1.8888888889,"Fls on:":1.4444444444,"+\/-":4.2222222222,"GW":8.0,"GP":9.0},"J. Felicilda":{"TEAM":"UP","MINS":15.4541666667,"FGM":1.5,"FGA":3.5,"FG%":42.8571428571,"2PM":1.0,"2PA":2.125,"2P%":47.0588235294,"3PM":0.5,"3PA":1.375,"3P%":36.3636363636,"FTM":0.125,"FTA":0.5,"FT%":25.0,"PTS":3.625,"OFF":0.375,"DEF":2.375,"REB":2.75,"AST":1.5,"TO":1.25,"STL":0.625,"BLK":0.0,"STK":0.625,"PF":1.625,"Fls on:":0.625,"+\/-":4.5,"GW":7.0,"GP":8.0},"R. Torres":{"TEAM":"UP","MINS":14.75,"FGM":1.0,"FGA":4.125,"FG%":24.2424242424,"2PM":1.0,"2PA":2.75,"2P%":36.3636363636,"3PM":0.0,"3PA":1.375,"3P%":0.0,"FTM":1.125,"FTA":1.25,"FT%":90.0,"PTS":3.125,"OFF":0.5,"DEF":1.125,"REB":1.625,"AST":2.125,"TO":1.0,"STL":0.625,"BLK":0.0,"STK":0.625,"PF":1.75,"Fls on:":1.125,"+\/-":0.125,"GW":7.0,"GP":8.0},"S. Torculas":{"TEAM":"UP","MINS":7.5214285714,"FGM":0.8571428571,"FGA":2.8571428571,"FG%":30.0,"2PM":0.7142857143,"2PA":2.0,"2P%":35.7142857143,"3PM":0.1428571429,"3PA":0.8571428571,"3P%":16.6666666667,"FTM":0.1428571429,"FTA":0.2857142857,"FT%":50.0,"PTS":2.0,"OFF":0.7142857143,"DEF":1.2857142857,"REB":2.0,"AST":0.4285714286,"TO":0.7142857143,"STL":0.4285714286,"BLK":0.1428571429,"STK":0.5714285714,"PF":0.7142857143,"Fls on:":0.5714285714,"+\/-":-1.1428571429,"GW":6.0,"GP":7.0},"G. Stevens":{"TEAM":"UP","MINS":7.31875,"FGM":0.625,"FGA":1.25,"FG%":50.0,"2PM":0.625,"2PA":1.25,"2P%":50.0,"3PM":0.0,"3PA":0.0,"3P%":0.0,"FTM":0.5,"FTA":1.375,"FT%":36.3636363636,"PTS":1.75,"OFF":1.0,"DEF":1.375,"REB":2.375,"AST":0.25,"TO":0.625,"STL":0.125,"BLK":0.25,"STK":0.375,"PF":1.875,"Fls on:":1.0,"+\/-":2.5,"GW":7.0,"GP":8.0},"S. Alter":{"TEAM":"UP","MINS":5.0777777778,"FGM":0.6666666667,"FGA":1.5,"FG%":44.4444444444,"2PM":0.6666666667,"2PA":1.1666666667,"2P%":57.1428571429,"3PM":0.0,"3PA":0.3333333333,"3P%":0.0,"FTM":0.0,"FTA":0.3333333333,"FT%":0.0,"PTS":1.3333333333,"OFF":0.8333333333,"DEF":1.1666666667,"REB":2.0,"AST":0.0,"TO":0.3333333333,"STL":0.1666666667,"BLK":0.0,"STK":0.1666666667,"PF":1.1666666667,"Fls on:":0.3333333333,"+\/-":-0.5,"GW":6.0,"GP":6.0},"C. Briones":{"TEAM":"UP","MINS":7.6523809524,"FGM":0.5714285714,"FGA":2.1428571429,"FG%":26.6666666667,"2PM":0.4285714286,"2PA":0.8571428571,"2P%":50.0,"3PM":0.1428571429,"3PA":1.2857142857,"3P%":11.1111111111,"FTM":0.0,"FTA":0.0,"FT%":0.0,"PTS":1.2857142857,"OFF":0.1428571429,"DEF":0.7142857143,"REB":0.8571428571,"AST":0.7142857143,"TO":0.2857142857,"STL":0.1428571429,"BLK":0.0,"STK":0.1428571429,"PF":0.7142857143,"Fls on:":0.1428571429,"+\/-":-4.1428571429,"GW":7.0,"GP":7.0},"D. Walker":{"TEAM":"UP","MINS":4.5916666667,"FGM":0.25,"FGA":0.75,"FG%":33.3333333333,"2PM":0.25,"2PA":0.75,"2P%":33.3333333333,"3PM":0.0,"3PA":0.0,"3P%":0.0,"FTM":0.0,"FTA":0.0,"FT%":0.0,"PTS":0.5,"OFF":0.0,"DEF":0.25,"REB":0.25,"AST":1.0,"TO":0.25,"STL":0.5,"BLK":0.0,"STK":0.5,"PF":0.0,"Fls on:":0.0,"+\/-":-4.25,"GW":4.0,"GP":4.0}}