{"N. Cabanero":{"TEAM":"UST","MINS":29.4575757576,"FGM":5.7272727273,"FGA":13.9090909091,"FG%":41.1764705882,"2PM":4.9090909091,"2PA":9.6363636364,"2P%":50.9433962264,"3PM":0.8181818182,"3PA":4.2727272727,"3P%":19.1489361702,"FTM":3.0909090909,"FTA":5.0909090909,"FT%":60.7142857143,"PTS":15.3636363636,"OFF":1.8181818182,"DEF":3.5454545455,"REB":5.3636363636,"AST":1.9090909091,"TO":1.0909090909,"STL":1.0,"BLK":0.0909090909,"STK":1.0909090909,"PF":2.0,"Fls on:":4.7272727273,"+\/-":3.0909090909,"GW":5.0,"GP":11.0},"M. Tounkara":{"TEAM":"UST","MINS":28.4733333333,"FGM":5.9,"FGA":11.5,"FG%":51.3043478261,"2PM":4.9,"2PA":9.0,"2P%":54.4444444444,"3PM":1.0,"3PA":2.5,"3P%":40.0,"FTM":1.9,"FTA":2.6,"FT%":73.0769230769,"PTS":14.7,"OFF":2.7,"DEF":6.2,"REB":8.9,"AST":1.1,"TO":2.3,"STL":0.6,"BLK":0.6,"STK":1.2,"PF":2.6,"Fls on:":2.7,"+\/-":5.0,"GW":5.0,"GP":10.0},"F. Padrigao":{"TEAM":"UST","MINS":26.7257575758,"FGM":3.4545454545,"FGA":10.4545454545,"FG%":33.0434782609,"2PM":1.7272727273,"2PA":3.4545454545,"2P%":50.0,"3PM":1.7272727273,"3PA":7.0,"3P%":24.6753246753,"FTM":1.0,"FTA":1.6363636364,"FT%":61.1111111111,"PTS":9.6363636364,"OFF":0.4545454545,"DEF":3.0909090909,"REB":3.5454545455,"AST":6.0,"TO":2.9090909091,"STL":1.3636363636,"BLK":0.0,"STK":1.3636363636,"PF":2.0909090909,"Fls on:":2.8181818182,"+\/-":2.7272727273,"GW":5.0,"GP":11.0},"C. Manaytay":{"TEAM":"UST","MINS":21.0575757576,"FGM":2.9090909091,"FGA":6.2727272727,"FG%":46.3768115942,"2PM":2.2727272727,"2PA":4.7272727273,"2P%":48.0769230769,"3PM":0.6363636364,"3PA":1.5454545455,"3P%":41.1764705882,"FTM":2.0,"FTA":2.6363636364,"FT%":75.8620689655,"PTS":8.4545454545,"OFF":1.2727272727,"DEF":2.3636363636,"REB":3.6363636364,"AST":1.3636363636,"TO":1.8181818182,"STL":1.0,"BLK":0.2727272727,"STK":1.2727272727,"PF":2.3636363636,"Fls on:":2.3636363636,"+\/-":-1.2727272727,"GW":5.0,"GP":11.0},"K. Paranada":{"TEAM":"UST","MINS":10.5545454545,"FGM":1.5454545455,"FGA":3.6363636364,"FG%":42.5,"2PM":0.7272727273,"2PA":1.4545454545,"2P%":50.0,"3PM":0.8181818182,"3PA":2.1818181818,"3P%":37.5,"FTM":0.7272727273,"FTA":1.0909090909,"FT%":66.6666666667,"PTS":4.6363636364,"OFF":0.1818181818,"DEF":0.9090909091,"REB":1.0909090909,"AST":1.9090909091,"TO":1.5454545455,"STL":0.3636363636,"BLK":0.0,"STK":0.3636363636,"PF":1.2727272727,"Fls on:":0.8181818182,"+\/-":-3.1818181818,"GW":5.0,"GP":11.0},"G. Crisostomo":{"TEAM":"UST","MINS":18.4545454545,"FGM":1.6363636364,"FGA":3.8181818182,"FG%":42.8571428571,"2PM":1.4545454545,"2PA":3.1818181818,"2P%":45.7142857143,"3PM":0.1818181818,"3PA":0.6363636364,"3P%":28.5714285714,"FTM":0.6363636364,"FTA":1.0,"FT%":63.6363636364,"PTS":4.0909090909,"OFF":1.8181818182,"DEF":4.7272727273,"REB":6.5454545455,"AST":0.6363636364,"TO":0.7272727273,"STL":0.2727272727,"BLK":0.8181818182,"STK":1.0909090909,"PF":2.6363636364,"Fls on:":1.2727272727,"+\/-":-0.2727272727,"GW":5.0,"GP":11.0},"M. Llemit":{"TEAM":"UST","MINS":16.3090909091,"FGM":1.1818181818,"FGA":4.0909090909,"FG%":28.8888888889,"2PM":0.5454545455,"2PA":2.0909090909,"2P%":26.0869565217,"3PM":0.6363636364,"3PA":2.0,"3P%":31.8181818182,"FTM":0.6363636364,"FTA":1.0,"FT%":63.6363636364,"PTS":3.6363636364,"OFF":1.0909090909,"DEF":2.0,"REB":3.0909090909,"AST":1.1818181818,"TO":0.8181818182,"STL":0.6363636364,"BLK":0.1818181818,"STK":0.8181818182,"PF":1.9090909091,"Fls on:":1.5454545455,"+\/-":-4.0909090909,"GW":5.0,"GP":11.0},"A. Acido":{"TEAM":"UST","MINS":9.4560606061,"FGM":0.8181818182,"FGA":3.4545454545,"FG%":23.6842105263,"2PM":0.1818181818,"2PA":0.8181818182,"2P%":22.2222222222,"3PM":0.6363636364,"3PA":2.6363636364,"3P%":24.1379310345,"FTM":0.3636363636,"FTA":0.3636363636,"FT%":100.0,"PTS":2.6363636364,"OFF":0.4545454545,"DEF":1.0909090909,"REB":1.5454545455,"AST":0.6363636364,"TO":0.4545454545,"STL":0.2727272727,"BLK":0.0909090909,"STK":0.3636363636,"PF":0.5454545455,"Fls on:":0.4545454545,"+\/-":-2.4545454545,"GW":5.0,"GP":11.0},"C. Lane":{"TEAM":"UST","MINS":8.2395833333,"FGM":0.75,"FGA":1.875,"FG%":40.0,"2PM":0.5,"2PA":1.0,"2P%":50.0,"3PM":0.25,"3PA":0.875,"3P%":28.5714285714,"FTM":0.75,"FTA":1.0,"FT%":75.0,"PTS":2.5,"OFF":0.375,"DEF":0.5,"REB":0.875,"AST":0.5,"TO":0.25,"STL":0.375,"BLK":0.0,"STK":0.375,"PF":0.75,"Fls on:":0.625,"+\/-":4.25,"GW":4.0,"GP":8.0},"M. Pangilinan":{"TEAM":"UST","MINS":10.0545454545,"FGM":0.7272727273,"FGA":2.7272727273,"FG%":26.6666666667,"2PM":0.0,"2PA":0.1818181818,"2P%":0.0,"3PM":0.7272727273,"3PA":2.5454545455,"3P%":28.5714285714,"FTM":0.2727272727,"FTA":0.4545454545,"FT%":60.0,"PTS":2.4545454545,"OFF":0.3636363636,"DEF":1.2727272727,"REB":1.6363636364,"AST":0.3636363636,"TO":0.9090909091,"STL":0.3636363636,"BLK":0.0909090909,"STK":0.4545454545,"PF":1.1818181818,"Fls on:":0.3636363636,"+\/-":-2.0,"GW":5.0,"GP":11.0},"G. Robinson":{"TEAM":"UST","MINS":10.2518518519,"FGM":0.7777777778,"FGA":2.4444444444,"FG%":31.8181818182,"2PM":0.6666666667,"2PA":1.5555555556,"2P%":42.8571428571,"3PM":0.1111111111,"3PA":0.8888888889,"3P%":12.5,"FTM":0.6666666667,"FTA":1.2222222222,"FT%":54.5454545455,"PTS":2.3333333333,"OFF":0.5555555556,"DEF":1.3333333333,"REB":1.8888888889,"AST":0.8888888889,"TO":0.4444444444,"STL":0.3333333333,"BLK":0.0,"STK":0.3333333333,"PF":1.4444444444,"Fls on:":1.0,"+\/-":-2.4444444444,"GW":3.0,"GP":9.0},"G. Danting":{"TEAM":"UST","MINS":7.1777777778,"FGM":0.8333333333,"FGA":2.0,"FG%":41.6666666667,"2PM":0.3333333333,"2PA":0.5,"2P%":66.6666666667,"3PM":0.5,"3PA":1.5,"3P%":33.3333333333,"FTM":0.1666666667,"FTA":0.5,"FT%":33.3333333333,"PTS":2.3333333333,"OFF":0.0,"DEF":1.0,"REB":1.0,"AST":0.0,"TO":0.6666666667,"STL":0.1666666667,"BLK":0.0,"STK":0.1666666667,"PF":0.5,"Fls on:":0.6666666667,"+\/-":-0.6666666667,"GW":1.0,"GP":6.0},"L. Estacio":{"TEAM":"UST","MINS":9.6733333333,"FGM":0.6,"FGA":2.1,"FG%":28.5714285714,"2PM":0.3,"2PA":0.5,"2P%":60.0,"3PM":0.3,"3PA":1.6,"3P%":18.75,"FTM":0.1,"FTA":0.1,"FT%":100.0,"PTS":1.6,"OFF":0.1,"DEF":0.8,"REB":0.9,"AST":1.1,"TO":0.7,"STL":0.5,"BLK":0.1,"STK":0.6,"PF":0.8,"Fls on:":0.5,"+\/-":-1.6,"GW":5.0,"GP":10.0},"E. Laure":{"TEAM":"UST","MINS":3.8880952381,"FGM":0.5714285714,"FGA":1.2857142857,"FG%":44.4444444444,"2PM":0.5714285714,"2PA":1.2857142857,"2P%":44.4444444444,"3PM":0.0,"3PA":0.0,"3P%":0.0,"FTM":0.0,"FTA":0.0,"FT%":0.0,"PTS":1.1428571429,"OFF":0.2857142857,"DEF":0.8571428571,"REB":1.1428571429,"AST":0.1428571429,"TO":0.1428571429,"STL":0.0,"BLK":0.0,"STK":0.0,"PF":1.1428571429,"Fls on:":0.0,"+\/-":-3.8571428571,"GW":2.0,"GP":7.0},"I. Calum":{"TEAM":"UST","MINS":4.77,"FGM":0.2,"FGA":0.6,"FG%":33.3333333333,"2PM":0.2,"2PA":0.4,"2P%":50.0,"3PM":0.0,"3PA":0.2,"3P%":0.0,"FTM":0.0,"FTA":0.0,"FT%":0.0,"PTS":0.4,"OFF":0.8,"DEF":0.4,"REB":1.2,"AST":0.4,"TO":0.0,"STL":0.4,"BLK":0.0,"STK":0.4,"PF":0.8,"Fls on:":0.2,"+\/-":-1.6,"GW":2.0,"GP":5.0},"Z. Mahmood":{"TEAM":"UST","MINS":3.9,"FGM":0.1428571429,"FGA":0.5714285714,"FG%":25.0,"2PM":0.1428571429,"2PA":0.4285714286,"2P%":33.3333333333,"3PM":0.0,"3PA":0.1428571429,"3P%":0.0,"FTM":0.0,"FTA":0.0,"FT%":0.0,"PTS":0.2857142857,"OFF":0.1428571429,"DEF":0.5714285714,"REB":0.7142857143,"AST":0.0,"TO":0.2857142857,"STL":0.1428571429,"BLK":0.0,"STK":0.1428571429,"PF":0.5714285714,"Fls on:":0.1428571429,"+\/-":-1.4285714286,"GW":1.0,"GP":7.0}}